"condition","subj_code","desktop_conf","attent_conf","device_mechanism","contingency","structure_rating_prior","learning_yellow_correct_total","learning_pink_correct_total","learning_yellow_accuracy","learning_pink_accuracy","structure_rating_posterior","age","gender","tech_issues","recorded_at"
3,"AhgQbn952ueg","1: I confirm","1: I confirm","opaque","05_05",68,7,8,0.875,1,95,31,"1: male",NA,"2026-01-22 08:38:18"
3,"PBGsTcTw4E6V","1: I confirm","1: I confirm","opaque","05_05",25,7,7,0.875,0.875,0,49,"2: female",NA,"2026-01-22 08:42:33"
3,"Jln29sFwuxTU","1: I confirm","1: I confirm","opaque","05_05",50,8,8,1,1,50,57,"1: male","All OK.","2026-01-22 08:48:53"
3,"IKuZAO4GvJ2P","1: I confirm","1: I confirm","opaque","05_05",83,7,7,0.875,0.875,48,20,"1: male",NA,"2026-01-22 08:58:28"
3,"BORlE9Z24Djr","1: I confirm","1: I confirm","opaque","05_05",50,8,8,1,1,20,29,"2: female",NA,"2026-01-22 09:02:52"
3,"Xtm0p95Hn77o","1: I confirm","1: I confirm","opaque","05_05",70,7,7,0.875,0.875,90,33,"1: male","None.","2026-01-22 09:06:29"
3,"yMZJHmY6tFET","1: I confirm","1: I confirm","opaque","05_05",50,8,8,1,1,43,37,"1: male",NA,"2026-01-22 09:07:02"
3,"2ru0d5aEIyRv","1: I confirm","1: I confirm","opaque","05_05",1,8,8,1,1,67,37,"1: male",NA,"2026-01-22 09:21:14"
3,"ygJ4bDZnTPNh","1: I confirm","1: I confirm","opaque","05_05",50,8,8,1,1,50,31,"4: prefer not to say",NA,"2026-01-22 09:34:23"
3,"FEwUiyaUoZgk","1: I confirm","1: I confirm","opaque","05_05",0,8,8,1,1,0,31,"1: male",NA,"2026-01-22 09:34:44"
3,"X2e0KTCgkZ5Y","1: I confirm","1: I confirm","opaque","05_05",48,8,8,1,1,50,53,"1: male",NA,"2026-01-22 09:40:33"
3,"nKRpEIPitHIN","1: I confirm","1: I confirm","opaque","05_05",25,8,8,1,1,50,57,"1: male","None","2026-01-22 09:46:47"
3,"aUF5BQ0Hiwqh","1: I confirm","1: I confirm","opaque","05_05",50,8,8,1,1,50,44,"1: male",NA,"2026-01-22 09:52:03"
3,"8eTfvXNbUJbT","1: I confirm","1: I confirm","opaque","05_05",25,8,8,1,1,0,31,"2: female","No errors I spotted","2026-01-22 10:00:44"
3,"kyan9jeKVECu","1: I confirm","1: I confirm","opaque","05_05",50,8,8,1,1,50,37,"2: female",NA,"2026-01-22 10:04:53"
3,"eixGiPLUnMFo","1: I confirm","1: I confirm","opaque","05_05",50,8,8,1,1,50,58,"2: female",NA,"2026-01-22 10:16:42"
3,"qOx7MrKeUUtU","1: I confirm","1: I confirm","opaque","05_05",61,8,8,1,1,93,30,"2: female",NA,"2026-01-22 10:28:47"
3,"lRtvX70OWLNT","1: I confirm","1: I confirm","opaque","05_05",51,8,8,1,1,13,42,"2: female","N0ne","2026-01-22 10:34:26"
3,"VPdONUEZK7EO","1: I confirm","1: I confirm","opaque","05_05",49,8,8,1,1,0,63,"1: male","none","2026-01-22 10:36:21"
3,"Wg5MWQC028En","1: I confirm","1: I confirm","opaque","05_05",54,8,8,1,1,33,57,"1: male","no issues","2026-01-22 10:45:04"
3,"T3d435XwakoB","1: I confirm","1: I confirm","opaque","05_05",55,8,8,1,1,70,41,"2: female","none","2026-01-22 11:04:35"
3,"HfQMv3MrGtzg","1: I confirm","1: I confirm","opaque","05_05",50,8,8,1,1,62,77,"1: male",NA,"2026-01-22 11:10:42"
3,"ydgNuLHjoGY0","1: I confirm","1: I confirm","opaque","05_05",50,8,8,1,1,50,45,"2: female",NA,"2026-01-22 11:13:45"
3,"pM9ASo09Wdmf","1: I confirm","1: I confirm","opaque","05_05",100,8,8,1,1,5,19,"1: male","I had no errors ","2026-01-22 11:16:46"
3,"3QzE1K8MyiVj","1: I confirm","1: I confirm","opaque","05_05",64,8,8,1,1,72,30,"2: female","n/a","2026-01-22 11:37:11"
3,"U5ESku23PylQ","1: I confirm","1: I confirm","opaque","05_05",100,8,8,1,1,100,29,"1: male",NA,"2026-01-22 11:43:57"
3,"ugLnHThJhItv","1: I confirm","1: I confirm","opaque","05_05",4,8,8,1,1,1,24,"1: male","nothing to complain about","2026-01-22 11:45:40"
3,"AiZL5oWsUOZh","1: I confirm","1: I confirm","opaque","05_05",50,8,8,1,1,50,34,"1: male",NA,"2026-01-22 11:47:51"
3,"WbDxBNiIHg5F","1: I confirm","1: I confirm","opaque","05_05",12,8,8,1,1,31,41,"1: male",NA,"2026-01-22 12:02:07"
3,"0Wrz7tskkFhX","1: I confirm","1: I confirm","opaque","05_05",51,7,7,0.875,0.875,50,29,"2: female",NA,"2026-01-22 12:45:29"
3,"8HiJjUECoeRA","1: I confirm","1: I confirm","opaque","05_05",50,8,8,1,1,33,72,"1: male",NA,"2026-01-22 13:16:39"
3,"RHeMWUwhrKLt","1: I confirm","1: I confirm","opaque","05_05",68,8,8,1,1,38,56,"1: male",NA,"2026-01-22 13:16:40"
3,"j8UNPtAK9AD5","1: I confirm","1: I confirm","opaque","05_05",28,8,8,1,1,67,39,"2: female","none ","2026-01-22 13:16:43"
3,"wB0mQwIvNLac","1: I confirm","1: I confirm","opaque","05_05",69,8,8,1,1,85,55,"2: female",NA,"2026-01-22 13:16:57"
3,"FLxD8QwVIAvc","1: I confirm","1: I confirm","opaque","05_05",79,8,8,1,1,57,67,"2: female",NA,"2026-01-22 13:17:04"
3,"9Us8HGmP7rLi","1: I confirm","1: I confirm","opaque","05_05",50,7,7,0.875,0.875,50,40,"1: male","n/a","2026-01-22 13:25:39"
3,"DmWAHihNG5yb","1: I confirm","1: I confirm","opaque","05_05",50,8,8,1,1,50,50,"1: male","No issues","2026-01-22 13:25:40"
3,"IYOZcQDG5xvh","1: I confirm","1: I confirm","opaque","05_05",50,8,8,1,1,50,56,"2: female",NA,"2026-01-22 13:25:47"
3,"MH3zgCtxyRuW","1: I confirm","1: I confirm","opaque","05_05",70,8,8,1,1,15,71,"1: male","Not Applicable. ","2026-01-22 13:25:55"
3,"j0IgBfDQvAww","1: I confirm","1: I confirm","opaque","05_05",70,8,8,1,1,50,40,"2: female",NA,"2026-01-22 13:29:57"
3,"TFMiHujhNm7Z","1: I confirm","1: I confirm","opaque","05_05",50,8,8,1,1,100,68,"1: male",NA,"2026-01-22 13:57:39"
3,"VVU9y1gXLHqk","1: I confirm","1: I confirm","opaque","05_05",83,7,8,0.875,1,78,59,"2: female",NA,"2026-01-22 13:57:51"
3,"8UJhhsMcGgsw","1: I confirm","1: I confirm","opaque","05_05",65,8,8,1,1,50,27,"2: female",NA,"2026-01-22 15:48:13"
3,"KXlnm49n3cXH","1: I confirm","1: I confirm","opaque","05_05",50,8,8,1,1,68,42,"2: female",NA,"2026-01-22 15:48:26"
3,"d3ZvvK5TsEki","1: I confirm","1: I confirm","opaque","05_05",25,8,8,1,1,75,18,"1: male",NA,"2026-01-22 15:48:34"
3,"mJ76MqlE4i10","1: I confirm","1: I confirm","opaque","05_05",50,8,8,1,1,58,50,"1: male",NA,"2026-01-22 15:50:18"
3,"AbWnr5QnHX3b","1: I confirm","1: I confirm","opaque","05_05",50,8,8,1,1,50,64,"1: male","No errors.","2026-01-22 15:54:45"
3,"Bdp9aJf1q7vd","1: I confirm","1: I confirm","opaque","05_05",50,8,8,1,1,50,21,"2: female",NA,"2026-01-22 16:33:13"
3,"4SVtHf72vmeJ","1: I confirm","1: I confirm","opaque","05_05",55,8,8,1,1,26,22,"2: female",NA,"2026-01-22 16:33:17"
3,"amAWJbixJVm7","1: I confirm","1: I confirm","opaque","05_05",90,8,8,1,1,50,44,"2: female",NA,"2026-01-22 16:33:23"
3,"Aj4cQH1612ti","1: I confirm","1: I confirm","opaque","05_05",49,8,7,1,0.875,50,39,"2: female",NA,"2026-01-22 16:33:39"
3,"MSVxLd5ucRIx","1: I confirm","1: I confirm","opaque","05_05",7,8,8,1,1,5,48,"2: female","I like the survey I did experience any issues. ","2026-01-22 16:33:39"
3,"kxvkda2q9d3i","1: I confirm","1: I confirm","opaque","05_05",50,8,8,1,1,0,31,"2: female",NA,"2026-01-23 09:25:51"
3,"BJGJuijxcAuY","1: I confirm","1: I confirm","opaque","05_05",26,8,8,1,1,46,34,"1: male",NA,"2026-01-23 09:26:04"
3,"8A9Akyzw8lLU","1: I confirm","1: I confirm","opaque","05_05",45,7,7,0.875,0.875,62,26,"2: female","N/A","2026-01-23 09:26:11"
3,"UYNRZ3kuX3RD","1: I confirm","1: I confirm","opaque","05_05",88,8,8,1,1,72,35,"1: male",NA,"2026-01-23 09:26:12"
3,"IZhY2vBbADgP","1: I confirm","1: I confirm","opaque","05_05",50,8,8,1,1,9,60,"2: female",NA,"2026-01-23 09:26:15"
3,"whuLpxr3AsqM","1: I confirm","1: I confirm","opaque","05_05",50,8,8,1,1,24,35,"1: male",NA,"2026-01-23 09:26:57"
3,"gkkVWyq2qTrb","1: I confirm","1: I confirm","opaque","05_05",50,7,7,0.875,0.875,27,25,"2: female","none","2026-01-23 09:27:04"
3,"zW3ByengdG6Y","1: I confirm","1: I confirm","opaque","05_05",0,8,8,1,1,0,27,"1: male","None","2026-01-23 09:27:13"
5,"jjeCsmbJyV9P","1: I confirm","1: I confirm","opaque","0_0",100,8,8,1,1,0,58,"1: male","none","2026-01-22 08:40:05"
5,"dIG0NAiRSvrj","1: I confirm","1: I confirm","opaque","0_0",0,8,8,1,1,0,36,"2: female",NA,"2026-01-22 08:44:37"
5,"6hUpgvfaBG9u","1: I confirm","1: I confirm","opaque","0_0",50,8,8,1,1,22,42,"1: male",NA,"2026-01-22 08:46:50"
5,"9rfyjEOXcA4F","1: I confirm","1: I confirm","opaque","0_0",37,8,8,1,1,34,38,"1: male",NA,"2026-01-22 09:05:03"
5,"SoELI8kpd6aO","1: I confirm","1: I confirm","opaque","0_0",0,8,8,1,1,0,36,"2: female","none","2026-01-22 09:08:56"
5,"ezJmXOVSWsUR","1: I confirm","1: I confirm","opaque","0_0",66,7,8,0.875,1,41,30,"2: female",NA,"2026-01-22 09:25:29"
5,"d29iNPHiW4ug","1: I confirm","1: I confirm","opaque","0_0",100,8,8,1,1,50,3,"2: female","I was unable to input my age correctly. I wanted to input 34, but the screen greyed me out, as a result I do not know what was recorded.","2026-01-22 09:40:52"
5,"ebIMQP5ErFkO","1: I confirm","1: I confirm","opaque","0_0",20,7,8,0.875,1,15,39,"1: male",NA,"2026-01-22 09:56:03"
5,"lfZPOtchIL0T","1: I confirm","1: I confirm","opaque","0_0",50,8,8,1,1,50,47,"2: female",NA,"2026-01-22 09:58:07"
5,"OKy00gaWCJpx","1: I confirm","1: I confirm","opaque","0_0",50,8,8,1,1,0,63,"1: male","There were no errors or technical difficulties encountered during the experiment","2026-01-22 10:09:10"
5,"iGNotOOP1eqe","1: I confirm","1: I confirm","opaque","0_0",33,8,8,1,1,1,55,"2: female",NA,"2026-01-22 10:09:48"
5,"O3l8zpdrbCLD","1: I confirm","1: I confirm","opaque","0_0",50,8,8,1,1,8,38,"4: prefer not to say",NA,"2026-01-22 10:11:17"
5,"DZD7R0ETYQBM","1: I confirm","1: I confirm","opaque","0_0",50,8,8,1,1,49,53,"1: male","None","2026-01-22 10:15:44"
5,"rR109vvw0Vdx","1: I confirm","1: I confirm","opaque","0_0",50,8,8,1,1,8,29,"2: female",NA,"2026-01-22 10:17:34"
5,"FytyJlwbabpl","1: I confirm","1: I confirm","opaque","0_0",50,8,8,1,1,50,59,"2: female","If the foot behind the second ball remains in place, then the rolling of the first ball would stop on hitting the foot, so it wouldnt connect with the second ball.","2026-01-22 10:22:52"
5,"JHYnOuc2BgLe","1: I confirm","1: I confirm","opaque","0_0",85,8,8,1,1,9,37,"2: female","nothing to report","2026-01-22 10:30:17"
5,"XivMwiCIo8d0","1: I confirm","1: I confirm","opaque","0_0",50,8,8,1,1,0,26,"2: female",NA,"2026-01-22 10:30:24"
5,"oT1Yy423OhCP","1: I confirm","1: I confirm","opaque","0_0",50,8,8,1,1,50,63,"1: male",NA,"2026-01-22 10:32:33"
5,"VPO4b6NoNzwq","1: I confirm","1: I confirm","opaque","0_0",100,8,8,1,1,100,24,"2: female",NA,"2026-01-22 10:34:20"
5,"eWYzLUBASTpT","1: I confirm","1: I confirm","opaque","0_0",50,8,8,1,1,49,62,"1: male",NA,"2026-01-22 10:36:45"
5,"I2y1XmzcAZ3v","1: I confirm","1: I confirm","opaque","0_0",49,8,8,1,1,23,43,"2: female",NA,"2026-01-22 10:46:18"
5,"sNwEVfbKjRCi","1: I confirm","1: I confirm","opaque","0_0",79,8,8,1,1,56,24,"2: female",NA,"2026-01-22 10:54:38"
5,"0WBdsJVpVkyH","1: I confirm","1: I confirm","opaque","0_0",50,8,8,1,1,6,51,"2: female","No errors noticed.","2026-01-22 11:14:53"
5,"BbqdoIUh6T4q","1: I confirm","1: I confirm","opaque","0_0",45,8,8,1,1,5,27,"2: female",NA,"2026-01-22 11:27:37"
5,"dvYu0VEjoFlg","1: I confirm","1: I confirm","opaque","0_0",50,8,8,1,1,20,62,"1: male",NA,"2026-01-22 11:43:43"
5,"xfEVo5nHFj0I","1: I confirm","1: I confirm","opaque","0_0",25,8,8,1,1,5,52,"1: male","Everything worked fine.","2026-01-22 11:45:44"
5,"clXTjN7ZwPfP","1: I confirm","1: I confirm","opaque","0_0",77,8,8,1,1,3,25,"1: male",NA,"2026-01-22 11:47:01"
5,"cEM8OgmwbXEG","1: I confirm","1: I confirm","opaque","0_0",77,7,7,0.875,0.875,0,23,"1: male",NA,"2026-01-22 11:49:45"
5,"mtLgfQVvDa61","1: I confirm","1: I confirm","opaque","0_0",75,8,8,1,1,50,40,"1: male","n/a","2026-01-22 12:03:52"
5,"QZg7mHLRLUHk","1: I confirm","1: I confirm","opaque","0_0",72,8,8,1,1,24,54,"2: female",NA,"2026-01-22 12:05:20"
5,"hqYii4xOorPH","1: I confirm","1: I confirm","opaque","0_0",50,8,8,1,1,50,42,"1: male",NA,"2026-01-22 12:40:25"
5,"n5cSqLEV8lTq","1: I confirm","1: I confirm","opaque","0_0",50,8,8,1,1,0,46,"1: male","No issues to report","2026-01-22 13:17:02"
5,"B6jCIusFgGuh","1: I confirm","1: I confirm","opaque","0_0",88,8,8,1,1,11,26,"1: male",NA,"2026-01-22 13:17:59"
5,"AFcIK3kkWWsr","1: I confirm","1: I confirm","opaque","0_0",37,8,8,1,1,15,46,"2: female","none","2026-01-22 13:25:44"
5,"OsHUzLUUtpBt","1: I confirm","1: I confirm","opaque","0_0",50,8,8,1,1,49,66,"2: female","none","2026-01-22 13:26:00"
5,"GldluB4iEqVZ","1: I confirm","1: I confirm","opaque","0_0",83,8,8,1,1,50,66,"1: male",NA,"2026-01-22 13:57:49"
5,"6VAHnHLXI1fl","1: I confirm","1: I confirm","opaque","0_0",50,8,7,1,0.875,20,43,"1: male","None","2026-01-22 13:57:55"
5,"iWcLzRPA0F5s","1: I confirm","1: I confirm","opaque","0_0",50,8,8,1,1,50,63,"1: male",NA,"2026-01-22 15:48:09"
5,"eWGX9YPtTtBg","1: I confirm","1: I confirm","opaque","0_0",58,8,8,1,1,73,36,"2: female",NA,"2026-01-22 15:48:19"
5,"VAecD3SlrQ9W","1: I confirm","1: I confirm","opaque","0_0",50,8,8,1,1,22,53,"2: female","The pink ball was not ink. It was purple. The rudimentary drawing of the wooden element in the diagram did not make it very clear that there was a connection between the two images containing the two balls.","2026-01-22 15:48:32"
5,"uLCA8nB2Pdem","1: I confirm","1: I confirm","opaque","0_0",50,8,8,1,1,22,44,"1: male",NA,"2026-01-22 15:48:38"
5,"vDZZdK4uVA83","1: I confirm","1: I confirm","opaque","0_0",50,8,8,1,1,50,62,"2: female",NA,"2026-01-22 15:48:43"
5,"xpf7mAoEPgTR","1: I confirm","1: I confirm","opaque","0_0",25,8,8,1,1,0,65,"1: male","No problems","2026-01-22 16:33:01"
5,"iTYiCEKKJV3i","1: I confirm","1: I confirm","opaque","0_0",50,8,8,1,1,76,23,"2: female",NA,"2026-01-22 16:33:04"
5,"smrmRmrSEQtj","1: I confirm","1: I confirm","opaque","0_0",76,8,8,1,1,67,36,"2: female",NA,"2026-01-22 16:33:11"
5,"Gko12IqelQWu","1: I confirm","1: I confirm","opaque","0_0",70,8,8,1,1,50,23,"2: female",NA,"2026-01-22 16:33:21"
5,"Yk0OGj2Jpqbh","1: I confirm","1: I confirm","opaque","0_0",65,8,8,1,1,8,45,"2: female",NA,"2026-01-22 16:33:24"
5,"o7uUp56Nsr4E","1: I confirm","1: I confirm","opaque","0_0",44,8,8,1,1,50,39,"1: male","None.","2026-01-22 16:34:42"
5,"aumrjTumpKX0","1: I confirm","1: I confirm","opaque","0_0",24,8,8,1,1,10,32,"2: female",NA,"2026-01-23 09:19:17"
5,"m1FLbAPbGxS0","1: I confirm","1: I confirm","opaque","0_0",50,8,8,1,1,0,32,"2: female",NA,"2026-01-23 09:19:22"
5,"KFBblkv1dsGU","1: I confirm","1: I confirm","opaque","0_0",50,8,8,1,1,49,49,"2: female",NA,"2026-01-23 09:19:28"
5,"VXvuD7QaAGfu","1: I confirm","1: I confirm","opaque","0_0",86,8,8,1,1,8,40,"2: female","no problems at all","2026-01-23 09:19:32"
5,"oupKLm8EcDnS","1: I confirm","1: I confirm","opaque","0_0",55,8,8,1,1,60,32,"1: male",NA,"2026-01-23 09:19:35"
5,"RjClEUV6JA3D","1: I confirm","1: I confirm","opaque","0_0",11,7,8,0.875,1,19,41,"2: female","none","2026-01-23 09:19:38"
5,"vQcQzy80PQF8","1: I confirm","1: I confirm","opaque","0_0",80,8,8,1,1,50,34,"2: female","no problems ","2026-01-23 09:19:45"
5,"uFCDWkUktBn7","1: I confirm","1: I confirm","opaque","0_0",0,8,8,1,1,0,38,"1: male","I did not notice any errors.","2026-01-23 09:20:58"
5,"cD5Y7LzhAFbh","1: I confirm","1: I confirm","opaque","0_0",87,8,8,1,1,0,43,"2: female",NA,"2026-01-23 09:21:07"
5,"6u8Ah00IUCN8","1: I confirm","1: I confirm","opaque","0_0",88,8,8,1,1,80,62,"1: male","None ","2026-01-23 09:22:37"
5,"gTsdBHqt0ij3","1: I confirm","1: I confirm","opaque","0_0",3,8,7,1,0.875,9,37,"2: female","all was good","2026-01-23 09:50:19"
5,"3F34G7Ps3ucX","1: I confirm","1: I confirm","opaque","0_0",50,8,8,1,1,50,34,"2: female",NA,"2026-01-23 10:01:39"
1,"q9oajhbvpARL","1: I confirm","1: I confirm","opaque","1_1",50,8,8,1,1,95,59,"2: female","No errors noticed","2026-01-22 08:37:35"
1,"CICdqqiXcI2n","1: I confirm","1: I confirm","opaque","1_1",50,8,8,1,1,80,26,"2: female",NA,"2026-01-22 08:42:51"
1,"PArnM4DWtuzA","1: I confirm","1: I confirm","opaque","1_1",50,8,8,1,1,55,32,"2: female","No errors noted","2026-01-22 08:47:19"
1,"UZsEXyczElte","1: I confirm","1: I confirm","opaque","1_1",49,8,8,1,1,35,54,"1: male",NA,"2026-01-22 08:54:37"
1,"oWbu1JaUGQDT","1: I confirm","1: I confirm","opaque","1_1",50,8,8,1,1,90,41,"1: male",NA,"2026-01-22 09:00:08"
1,"YgCqE3N06rxF","1: I confirm","1: I confirm","opaque","1_1",80,8,8,1,1,90,75,"2: female",NA,"2026-01-22 09:05:24"
1,"eIz6fpNchLEs","1: I confirm","1: I confirm","opaque","1_1",66,8,8,1,1,90,53,"2: female",NA,"2026-01-22 09:05:42"
1,"UieZ7tRBsAz0","1: I confirm","1: I confirm","opaque","1_1",6,8,8,1,1,50,27,"2: female","none","2026-01-22 09:10:07"
1,"vWC3aXism3zY","1: I confirm","1: I confirm","opaque","1_1",50,8,8,1,1,75,37,"1: male",NA,"2026-01-22 09:23:28"
1,"bMHhbg7TCejf","1: I confirm","1: I confirm","opaque","1_1",7,8,8,1,1,4,33,"2: female","no errors that i saw","2026-01-22 09:34:26"
1,"LkuYzogNZzK1","1: I confirm","1: I confirm","opaque","1_1",65,8,8,1,1,45,60,"2: female","no errors","2026-01-22 09:36:21"
1,"U18hyc9AREY7","1: I confirm","1: I confirm","opaque","1_1",50,8,8,1,1,50,62,"2: female",NA,"2026-01-22 09:39:06"
1,"Xnl7A25XcQ2J","1: I confirm","1: I confirm","opaque","1_1",100,8,8,1,1,100,51,"2: female",NA,"2026-01-22 09:43:11"
1,"PWAbkfdmYq1X","1: I confirm","1: I confirm","opaque","1_1",50,8,8,1,1,83,60,"1: male",NA,"2026-01-22 09:48:11"
1,"zOFEvlGDmihJ","1: I confirm","1: I confirm","opaque","1_1",50,8,8,1,1,60,26,"1: male","No errors were identified.","2026-01-22 09:52:59"
1,"8bzJ9AG1cWXc","1: I confirm","1: I confirm","opaque","1_1",50,8,8,1,1,50,46,"2: female",NA,"2026-01-22 09:58:51"
1,"OJ28vAzzA4LK","1: I confirm","1: I confirm","opaque","1_1",50,8,8,1,1,51,45,"1: male",NA,"2026-01-22 10:01:05"
1,"hl32HEw8Aurl","1: I confirm","1: I confirm","opaque","1_1",49,8,8,1,1,93,70,"1: male",NA,"2026-01-22 10:04:16"
1,"7AD3ELCzzvY1","1: I confirm","1: I confirm","opaque","1_1",79,8,8,1,1,81,30,"2: female","None","2026-01-22 10:12:57"
1,"Lo4Yv8z25BSj","1: I confirm","1: I confirm","opaque","1_1",50,8,8,1,1,63,40,"2: female",NA,"2026-01-22 10:19:37"
1,"5oDyxvDHJff7","1: I confirm","1: I confirm","opaque","1_1",75,8,8,1,1,100,37,"2: female","no errors noticed","2026-01-22 10:21:45"
1,"Id0D0mN6xokV","1: I confirm","1: I confirm","opaque","1_1",3,8,8,1,1,0,34,"2: female",NA,"2026-01-22 10:24:30"
1,"M3snkoEagbMT","1: I confirm","1: I confirm","opaque","1_1",50,8,8,1,1,35,46,"1: male",NA,"2026-01-22 10:30:12"
1,"3HM3YctOvbNp","1: I confirm","1: I confirm","opaque","1_1",60,8,8,1,1,33,39,"2: female","No errors encountered. ","2026-01-22 10:32:41"
1,"XQNB5Lphyzd0","1: I confirm","1: I confirm","opaque","1_1",10,8,8,1,1,50,67,"1: male",NA,"2026-01-22 10:33:09"
1,"8b0aDStMtzuz","1: I confirm","1: I confirm","opaque","1_1",50,8,8,1,1,50,48,"2: female",NA,"2026-01-22 10:37:07"
1,"Aa9u9948XhKe","1: I confirm","1: I confirm","opaque","1_1",50,8,8,1,1,100,26,"1: male",NA,"2026-01-22 10:38:45"
1,"ZcC5lyKQ3G0U","1: I confirm","1: I confirm","opaque","1_1",100,8,8,1,1,0,58,"2: female",NA,"2026-01-22 11:06:26"
1,"2JHzkV2PuPJt","1: I confirm","1: I confirm","opaque","1_1",97,8,8,1,1,98,40,"2: female",NA,"2026-01-22 11:10:05"
1,"se1VYvbualZl","1: I confirm","1: I confirm","opaque","1_1",80,8,8,1,1,79,64,"2: female","No errors noticed.","2026-01-22 11:11:34"
1,"LYMKAv7hR9rt","1: I confirm","1: I confirm","opaque","1_1",100,7,8,0.875,1,100,27,"1: male","its a little confusing","2026-01-22 11:13:48"
1,"FlyB92FDSRji","1: I confirm","1: I confirm","opaque","1_1",71,8,8,1,1,19,32,"2: female","Study worked really well, good survey! ","2026-01-22 11:23:36"
1,"E7d90julEyLW","1: I confirm","1: I confirm","opaque","1_1",63,8,8,1,1,64,28,"1: male",NA,"2026-01-22 11:26:58"
1,"Jlg0BSZBCxys","1: I confirm","1: I confirm","opaque","1_1",2,8,8,1,1,0,25,"1: male","NIL","2026-01-22 11:43:57"
1,"vORKn8u8d6hd","1: I confirm","1: I confirm","opaque","1_1",93,8,8,1,1,11,51,"2: female",NA,"2026-01-22 11:45:36"
1,"318aU4BXk7KG","1: I confirm","1: I confirm","opaque","1_1",66,8,8,1,1,70,31,"2: female",NA,"2026-01-22 11:45:51"
1,"GDMAc6HFZI7L","1: I confirm","1: I confirm","opaque","1_1",100,8,8,1,1,100,21,"1: male",NA,"2026-01-22 11:53:40"
1,"BnP9d1Gt1BDH","1: I confirm","1: I confirm","opaque","1_1",67,8,8,1,1,84,32,"1: male","no errors","2026-01-22 12:06:31"
1,"XfIbOwnAN0tC","1: I confirm","1: I confirm","opaque","1_1",69,8,8,1,1,99,38,"1: male",NA,"2026-01-22 12:45:19"
1,"DnGGAv4gLDMr","1: I confirm","1: I confirm","opaque","1_1",50,8,8,1,1,50,28,"1: male",NA,"2026-01-22 13:11:29"
1,"Tvww5sCfRhZq","1: I confirm","1: I confirm","opaque","1_1",50,8,8,1,1,40,38,"1: male",NA,"2026-01-22 13:17:00"
1,"vRUPkQ1zHaPc","1: I confirm","1: I confirm","opaque","1_1",50,7,8,0.875,1,50,46,"1: male","no issues noticed.","2026-01-22 13:25:51"
1,"c0sTwkre1RDu","1: I confirm","1: I confirm","opaque","1_1",32,8,8,1,1,22,34,"2: female",NA,"2026-01-22 13:57:49"
1,"3HrNaTEiGM14","1: I confirm","1: I confirm","opaque","1_1",50,8,8,1,1,50,43,"2: female",NA,"2026-01-22 13:57:55"
1,"YkJ70Wy6kMKy","1: I confirm","1: I confirm","opaque","1_1",79,7,8,0.875,1,85,23,"1: male","No issue encountered during this study.","2026-01-22 13:57:59"
1,"t3Pmuzxk9Sne","1: I confirm","1: I confirm","opaque","1_1",27,7,8,0.875,1,50,66,"1: male","none","2026-01-22 15:48:17"
1,"w3qQxvjEFJxy","1: I confirm","1: I confirm","opaque","1_1",50,8,8,1,1,0,53,"1: male",NA,"2026-01-22 15:48:29"
1,"vfESOUjT2AQ0","1: I confirm","1: I confirm","opaque","1_1",55,8,8,1,1,55,72,"1: male",NA,"2026-01-22 15:48:34"
1,"KSPdGETYiE1i","1: I confirm","1: I confirm","opaque","1_1",50,8,8,1,1,70,68,"1: male","None thank you","2026-01-22 15:48:40"
1,"i1rc5FlnU0Pr","1: I confirm","1: I confirm","opaque","1_1",50,8,8,1,1,74,38,"2: female",NA,"2026-01-22 15:48:48"
1,"px5yqJri75Ct","1: I confirm","1: I confirm","opaque","1_1",72,8,8,1,1,86,49,"1: male","repetition ","2026-01-22 15:55:40"
1,"8EBwh4xuAPpG","1: I confirm","1: I confirm","opaque","1_1",86,8,8,1,1,100,25,"2: female",NA,"2026-01-22 16:32:55"
1,"g8EOsodgfsC8","1: I confirm","1: I confirm","opaque","1_1",78,8,8,1,1,100,38,"1: male",NA,"2026-01-22 16:33:03"
1,"fYHAn3c4myvg","1: I confirm","1: I confirm","opaque","1_1",76,8,8,1,1,50,25,"2: female",NA,"2026-01-22 16:33:12"
1,"sOpumFeILGty","1: I confirm","1: I confirm","opaque","1_1",50,8,8,1,1,60,49,"2: female","no issues","2026-01-22 16:33:16"
1,"AhkTBMjvKpAo","1: I confirm","1: I confirm","opaque","1_1",66,8,8,1,1,48,51,"2: female",NA,"2026-01-22 16:33:19"
1,"YBcI8i78oOT0","1: I confirm","1: I confirm","opaque","1_1",50,8,8,1,1,50,66,"2: female","none noticed","2026-01-22 16:33:32"
1,"gqkhYR0w2NHK","1: I confirm","1: I confirm","opaque","1_1",50,7,8,0.875,1,56,59,"2: female",NA,"2026-01-22 16:34:57"
1,"3LyfW6srwPMw","1: I confirm","1: I confirm","opaque","1_1",96,8,8,1,1,97,57,"2: female","None","2026-01-23 09:34:54"
1,"2sfbYMqJQr6C","1: I confirm","1: I confirm","opaque","1_1",72,8,8,1,1,100,39,"1: male","no errors or issues found","2026-01-23 09:34:58"
4,"4mKyvwERK04V","1: I confirm","1: I confirm","transp","05_05",50,8,8,1,1,45,38,"1: male",NA,"2026-01-22 08:36:51"
4,"NmmTuD9qv4o0","1: I confirm","1: I confirm","transp","05_05",0,8,8,1,1,0,46,"1: male",NA,"2026-01-22 08:40:52"
4,"pWxJ76Yg7gtV","1: I confirm","1: I confirm","transp","05_05",0,7,7,0.875,0.875,0,41,"1: male",NA,"2026-01-22 08:44:27"
4,"bvz7Kbl55oWc","1: I confirm","1: I confirm","transp","05_05",0,8,8,1,1,0,39,"1: male",NA,"2026-01-22 08:48:55"
4,"BgwQjtSp301j","1: I confirm","1: I confirm","transp","05_05",50,8,8,1,1,21,43,"1: male","None.","2026-01-22 08:55:42"
4,"SKPiHn5TFgZE","1: I confirm","1: I confirm","transp","05_05",5,8,8,1,1,5,42,"2: female",NA,"2026-01-22 09:02:08"
4,"6Q6zQKR5kDLF","1: I confirm","1: I confirm","transp","05_05",25,7,8,0.875,1,50,27,"1: male",NA,"2026-01-22 09:08:00"
4,"dMTKEE6Ofzoq","1: I confirm","1: I confirm","transp","05_05",0,8,8,1,1,0,58,"2: female",NA,"2026-01-22 09:11:00"
4,"twD1LsEKi5Rs","1: I confirm","1: I confirm","transp","05_05",8,8,8,1,1,45,50,"1: male",NA,"2026-01-22 09:56:25"
4,"5JeIvgztvBlZ","1: I confirm","1: I confirm","transp","05_05",5,8,8,1,1,50,36,"2: female",NA,"2026-01-22 09:57:49"
4,"hIpeBXlSB1md","1: I confirm","1: I confirm","transp","05_05",0,8,8,1,1,0,38,"2: female",NA,"2026-01-22 10:05:21"
4,"ZmyfxIjai9bk","1: I confirm","1: I confirm","transp","05_05",10,8,8,1,1,10,58,"1: male","No errors","2026-01-22 10:11:33"
4,"pZN6A0srSnq5","1: I confirm","1: I confirm","transp","05_05",0,8,8,1,1,0,61,"2: female","no errors","2026-01-22 10:13:48"
4,"89y4oncoBtC5","1: I confirm","1: I confirm","transp","05_05",0,7,8,0.875,1,0,57,"2: female",NA,"2026-01-22 10:32:34"
4,"bEVw7cbGsvVq","1: I confirm","1: I confirm","transp","05_05",0,8,8,1,1,0,59,"2: female",NA,"2026-01-22 10:36:27"
4,"5vmhNuSX6EZF","1: I confirm","1: I confirm","transp","05_05",0,7,7,0.875,0.875,0,63,"2: female",NA,"2026-01-22 10:46:35"
4,"Xae94ONvqHzC","1: I confirm","1: I confirm","transp","05_05",0,7,8,0.875,1,0,33,"3: non-binary",NA,"2026-01-22 11:11:24"
4,"7L0oCbjcysqm","1: I confirm","1: I confirm","transp","05_05",0,8,8,1,1,0,66,"2: female","No, it was fine.  I am assuming btw that the yellow ball isn't heavy enough to hit the brick wall with such force that it makes the whole device shake, in which case there would be a tiny chance of it shaking the pink ball loose.","2026-01-22 11:11:59"
4,"PF7Vq879TEPK","1: I confirm","1: I confirm","transp","05_05",1,8,8,1,1,1,53,"2: female",NA,"2026-01-22 11:13:33"
4,"G4VCyM0CZDJh","1: I confirm","1: I confirm","transp","05_05",0,8,8,1,1,0,46,"2: female","N/a","2026-01-22 11:45:00"
4,"d48xP0zIR9rM","1: I confirm","1: I confirm","transp","05_05",45,8,8,1,1,50,32,"2: female",NA,"2026-01-22 11:45:55"
4,"TnKYNtyyFKwo","1: I confirm","1: I confirm","transp","05_05",20,8,8,1,1,20,38,"2: female",NA,"2026-01-22 11:50:16"
4,"IqI22eUdncaM","1: I confirm","1: I confirm","transp","05_05",0,8,8,1,1,0,40,"1: male",NA,"2026-01-22 12:02:05"
4,"8tLJJqMd7n1N","1: I confirm","1: I confirm","transp","05_05",50,8,8,1,1,50,63,"2: female",NA,"2026-01-22 12:10:41"
4,"BnUwdpIKHbJ8","1: I confirm","1: I confirm","transp","05_05",25,7,7,0.875,0.875,75,39,"1: male","None","2026-01-22 12:45:37"
4,"Y7WDjQMaGg1r","1: I confirm","1: I confirm","transp","05_05",1,7,8,0.875,1,1,56,"3: non-binary",NA,"2026-01-22 13:05:19"
4,"lDlYWhlfnGUq","1: I confirm","1: I confirm","transp","05_05",2,8,8,1,1,4,38,"1: male","n/a","2026-01-22 13:05:22"
4,"EIMibEBD0HIK","1: I confirm","1: I confirm","transp","05_05",2,7,8,0.875,1,0,33,"2: female",NA,"2026-01-22 13:05:26"
4,"Yk5qVHzoGJJc","1: I confirm","1: I confirm","transp","05_05",3,8,7,1,0.875,5,24,"2: female",NA,"2026-01-22 13:05:39"
4,"vbfMMcFMAEsT","1: I confirm","1: I confirm","transp","05_05",55,8,8,1,1,66,32,"1: male",NA,"2026-01-22 13:05:52"
4,"SCEgacCyPOpu","1: I confirm","1: I confirm","transp","05_05",3,8,8,1,1,1,64,"1: male","None, all good.","2026-01-22 13:06:00"
4,"ab3ZIj6u3JL8","1: I confirm","1: I confirm","transp","05_05",0,8,8,1,1,0,51,"1: male","N/A","2026-01-22 13:06:05"
4,"5Yz4Z5fXJYUx","1: I confirm","1: I confirm","transp","05_05",0,8,8,1,1,0,41,"1: male",NA,"2026-01-22 13:17:15"
4,"JAygi6oHMVQp","1: I confirm","1: I confirm","transp","05_05",0,8,8,1,1,0,32,"2: female","None","2026-01-22 13:25:42"
4,"FNiFfvDvMfjn","1: I confirm","1: I confirm","transp","05_05",0,8,8,1,1,0,46,"1: male","I found no issues with the study.","2026-01-22 13:26:07"
4,"IExZjksaKgaU","1: I confirm","1: I confirm","transp","05_05",0,8,8,1,1,0,36,"2: female",NA,"2026-01-22 13:29:15"
4,"QGn6kurvRLE8","1: I confirm","1: I confirm","transp","05_05",0,7,8,0.875,1,0,39,"2: female",NA,"2026-01-22 13:57:57"
4,"2UFUCg5HVSWL","1: I confirm","1: I confirm","transp","05_05",9,8,8,1,1,10,44,"1: male",NA,"2026-01-22 13:58:12"
4,"EzJPixlHneRA","1: I confirm","1: I confirm","transp","05_05",9,8,8,1,1,59,42,"1: male"," none","2026-01-22 15:48:16"
4,"EvFkoDJWwLsZ","1: I confirm","1: I confirm","transp","05_05",0,8,8,1,1,0,32,"1: male",NA,"2026-01-22 15:48:18"
4,"rLusKG6ZZJWA","1: I confirm","1: I confirm","transp","05_05",0,8,8,1,1,0,32,"2: female",NA,"2026-01-22 15:48:28"
4,"tsiJ8PrW58Uf","1: I confirm","1: I confirm","transp","05_05",1,8,8,1,1,1,52,"1: male","no errors noted during survey","2026-01-22 15:48:31"
4,"O3ZcLPxI2O6q","1: I confirm","1: I confirm","transp","05_05",3,8,7,1,0.875,5,45,"2: female",NA,"2026-01-22 15:48:53"
4,"S46rs0mS3gCZ","1: I confirm","1: I confirm","transp","05_05",1,8,8,1,1,1,24,"1: male",NA,"2026-01-22 16:32:46"
4,"QNcVbTRirpE2","1: I confirm","1: I confirm","transp","05_05",16,7,7,0.875,0.875,0,56,"1: male",NA,"2026-01-22 16:33:13"
4,"2P26UmgStorC","1: I confirm","1: I confirm","transp","05_05",0,8,8,1,1,0,39,"2: female",NA,"2026-01-22 16:33:22"
4,"C7PZ0RlrXrVM","1: I confirm","1: I confirm","transp","05_05",1,8,8,1,1,0,23,"2: female",NA,"2026-01-22 16:33:24"
4,"GUke6ul76Vgl","1: I confirm","1: I confirm","transp","05_05",5,8,8,1,1,0,25,"2: female","N/A","2026-01-22 16:33:45"
4,"kmc2TC08GCsU","1: I confirm","1: I confirm","transp","05_05",5,8,8,1,1,5,37,"1: male",NA,"2026-01-23 09:07:41"
4,"13nCtH6TjWvJ","1: I confirm","1: I confirm","transp","05_05",50,7,8,0.875,1,0,40,"1: male",NA,"2026-01-23 09:07:44"
4,"MmPUx2Z64vlO","1: I confirm","1: I confirm","transp","05_05",0,7,7,0.875,0.875,0,33,"1: male",NA,"2026-01-23 09:07:45"
4,"vHKjgNIRt8LS","1: I confirm","1: I confirm","transp","05_05",0,8,7,1,0.875,5,23,"1: male","n/a","2026-01-23 09:07:49"
4,"Muong1bqHR02","1: I confirm","1: I confirm","transp","05_05",95,7,8,0.875,1,74,68,"1: male",NA,"2026-01-23 09:07:58"
4,"rSw1EOs9J9qp","1: I confirm","1: I confirm","transp","05_05",0,8,8,1,1,0,60,"2: female",NA,"2026-01-23 09:08:22"
4,"AZS7YuWus6GI","1: I confirm","1: I confirm","transp","05_05",0,8,8,1,1,0,32,"2: female",NA,"2026-01-23 09:08:56"
4,"aRqz8VB1tEGr","1: I confirm","1: I confirm","transp","05_05",0,8,8,1,1,0,38,"2: female","none noted","2026-01-23 09:09:04"
4,"xZHqRb2b7JG5","1: I confirm","1: I confirm","transp","05_05",7,8,8,1,1,5,37,"2: female",NA,"2026-01-23 09:09:08"
4,"ypNPZtmKeEwH","1: I confirm","1: I confirm","transp","05_05",0,7,7,0.875,0.875,100,26,"1: male","none","2026-01-23 09:10:04"
4,"5byn44Lf85Lt","1: I confirm","1: I confirm","transp","05_05",5,7,7,0.875,0.875,15,36,"2: female",NA,"2026-01-23 09:41:22"
4,"ow84AMN9hsZB","1: I confirm","1: I confirm","transp","05_05",0,8,8,1,1,0,24,"1: male","n/a","2026-01-23 10:19:59"
6,"5YW60ZgNMAkM","1: I confirm","1: I confirm","transp","0_0",20,8,8,1,1,0,35,"1: male",NA,"2026-01-22 08:38:21"
6,"glVXoeFiR5aa","1: I confirm","1: I confirm","transp","0_0",0,8,8,1,1,0,30,"2: female",NA,"2026-01-22 09:05:54"
6,"0ecNA0MHF0hf","1: I confirm","1: I confirm","transp","0_0",11,8,8,1,1,9,67,"1: male",NA,"2026-01-22 09:30:55"
6,"1SQG0sKAbXod","1: I confirm","1: I confirm","transp","0_0",52,8,8,1,1,2,29,"1: male","No error encountered ","2026-01-22 09:41:06"
6,"cVBkBmo7nNVi","1: I confirm","1: I confirm","transp","0_0",5,7,8,0.875,1,5,40,"1: male",NA,"2026-01-22 09:53:23"
6,"eaFcBKCu5wjm","1: I confirm","1: I confirm","transp","0_0",0,7,8,0.875,1,0,69,"1: male",NA,"2026-01-22 09:57:02"
6,"rB1AJ8po6lnd","1: I confirm","1: I confirm","transp","0_0",0,8,8,1,1,0,35,"2: female",NA,"2026-01-22 10:00:56"
6,"UV381WqTWfeD","1: I confirm","1: I confirm","transp","0_0",50,8,8,1,1,50,39,"2: female",NA,"2026-01-22 10:05:25"
6,"vTupXybGVlXf","1: I confirm","1: I confirm","transp","0_0",0,7,8,0.875,1,0,55,"1: male","None encountered.  ","2026-01-22 10:06:42"
6,"bPvfJBxQnUvJ","1: I confirm","1: I confirm","transp","0_0",0,8,8,1,1,0,33,"2: female",NA,"2026-01-22 10:14:55"
6,"pSkBf3kOgu98","1: I confirm","1: I confirm","transp","0_0",11,8,8,1,1,2,42,"1: male","All good","2026-01-22 10:20:46"
6,"LG9pgs5JUnjK","1: I confirm","1: I confirm","transp","0_0",0,8,8,1,1,0,32,"2: female",NA,"2026-01-22 10:22:17"
6,"hAskO83D9vnA","1: I confirm","1: I confirm","transp","0_0",4,8,8,1,1,3,28,"1: male",NA,"2026-01-22 10:32:13"
6,"DcXauNaTeF1R","1: I confirm","1: I confirm","transp","0_0",10,8,8,1,1,5,65,"2: female",NA,"2026-01-22 10:38:38"
6,"tfQzYGGZx1s0","1: I confirm","1: I confirm","transp","0_0",85,8,7,1,0.875,50,33,"2: female","N/A","2026-01-22 10:56:49"
6,"dKHVfP9AJtqH","1: I confirm","1: I confirm","transp","0_0",0,8,8,1,1,0,45,"2: female","N/A","2026-01-22 11:13:43"
6,"JM8OKLN87W7O","1: I confirm","1: I confirm","transp","0_0",0,8,8,1,1,0,33,"1: male","none","2026-01-22 11:16:10"
6,"XgoJcxwA5tpj","1: I confirm","1: I confirm","transp","0_0",0,8,8,1,1,0,52,"2: female",NA,"2026-01-22 11:43:32"
6,"7BDHBouTP8wn","1: I confirm","1: I confirm","transp","0_0",0,8,8,1,1,0,65,"2: female","NO errors or issues with the study.","2026-01-22 11:46:41"
6,"AbdmITBhF0cv","1: I confirm","1: I confirm","transp","0_0",0,8,8,1,1,0,51,"1: male","none","2026-01-22 11:47:47"
6,"hU8dEEy5okWX","1: I confirm","1: I confirm","transp","0_0",0,8,8,1,1,0,34,"1: male","none","2026-01-22 12:05:39"
6,"4j4s84mg8Td4","1: I confirm","1: I confirm","transp","0_0",34,8,8,1,1,33,30,"1: male","no errors","2026-01-22 12:25:03"
6,"Q0Zvu2vQsCEQ","1: I confirm","1: I confirm","transp","0_0",0,8,8,1,1,0,33,"2: female",NA,"2026-01-22 13:05:26"
6,"0xH44gWwKvuE","1: I confirm","1: I confirm","transp","0_0",0,7,8,0.875,1,0,65,"1: male",NA,"2026-01-22 13:05:36"
6,"9cjX6x8epBvk","1: I confirm","1: I confirm","transp","0_0",29,8,8,1,1,73,36,"1: male",NA,"2026-01-22 13:05:38"
6,"GaJc8YHyXEOy","1: I confirm","1: I confirm","transp","0_0",3,8,8,1,1,1,37,"2: female","The brick wall seemed to stop the ball every time. There should be some clarification on whether the yellow ball can just be rolled by the boot or whether it can be kicked over the brick wall. Either way the yellow ball did not move the pink ball","2026-01-22 13:05:43"
6,"J31bKpqGvA5E","1: I confirm","1: I confirm","transp","0_0",17,8,8,1,1,2,36,"1: male",NA,"2026-01-22 13:06:02"
6,"3a322JxMq6Dq","1: I confirm","1: I confirm","transp","0_0",15,8,8,1,1,15,56,"1: male","Nothing to report","2026-01-22 13:16:44"
6,"2YRdylNs9obv","1: I confirm","1: I confirm","transp","0_0",0,8,8,1,1,0,42,"2: female",NA,"2026-01-22 13:16:55"
6,"e85Skfn7aH5p","1: I confirm","1: I confirm","transp","0_0",5,8,8,1,1,1,56,"1: male",NA,"2026-01-22 13:17:03"
6,"uiKZdUUNzp2J","1: I confirm","1: I confirm","transp","0_0",0,8,8,1,1,0,64,"1: male",NA,"2026-01-22 13:17:13"
6,"XTZQsGKYdIQB","1: I confirm","1: I confirm","transp","0_0",10,8,8,1,1,5,36,"2: female",NA,"2026-01-22 13:25:59"
6,"adn3RW7zQDJf","1: I confirm","1: I confirm","transp","0_0",10,8,8,1,1,49,37,"1: male",NA,"2026-01-22 13:27:05"
6,"vzMyOK3cTOD7","1: I confirm","1: I confirm","transp","0_0",48,8,8,1,1,0,26,"1: male",NA,"2026-01-22 13:57:37"
6,"BcHet8EIEkkY","1: I confirm","1: I confirm","transp","0_0",91,8,8,1,1,91,48,"1: male","no issues","2026-01-22 15:48:24"
6,"ttiyJFEpRuUQ","1: I confirm","1: I confirm","transp","0_0",0,8,8,1,1,0,34,"1: male",NA,"2026-01-22 15:48:28"
6,"KXgwp7etmkf5","1: I confirm","1: I confirm","transp","0_0",0,8,8,1,1,0,56,"2: female",NA,"2026-01-22 16:33:14"
6,"8ZfncV6JBIiz","1: I confirm","1: I confirm","transp","0_0",0,8,8,1,1,0,31,"1: male",NA,"2026-01-22 16:33:22"
6,"CVD46tKl3H3j","1: I confirm","1: I confirm","transp","0_0",13,8,8,1,1,0,40,"2: female","None","2026-01-22 16:33:25"
6,"k51SXUBYg9dR","1: I confirm","1: I confirm","transp","0_0",0,7,7,0.875,0.875,0,21,"2: female",NA,"2026-01-22 16:36:09"
6,"MuWIS9Cgb1Bb","1: I confirm","1: I confirm","transp","0_0",6,7,8,0.875,1,0,52,"1: male",NA,"2026-01-23 08:24:14"
6,"civuLSxcu4IM","1: I confirm","1: I confirm","transp","0_0",0,8,8,1,1,0,57,"1: male","n/a","2026-01-23 08:24:23"
6,"NtcEL8lLkpX4","1: I confirm","1: I confirm","transp","0_0",6,7,8,0.875,1,0,38,"1: male",NA,"2026-01-23 08:24:30"
6,"nWMVA1smskRk","1: I confirm","1: I confirm","transp","0_0",6,8,8,1,1,5,51,"1: male","n/a","2026-01-23 08:24:49"
6,"2DLaA1pEL8h8","1: I confirm","1: I confirm","transp","0_0",93,8,7,1,0.875,96,27,"1: male",NA,"2026-01-23 08:24:52"
6,"K7kRLZ1hDRBz","1: I confirm","1: I confirm","transp","0_0",0,8,8,1,1,0,60,"1: male","Everything went fine. It seems that as drawn, the pink ball will never get triggered. Enjoyed doing this. Thanks, I hope your research goes well.","2026-01-23 08:24:57"
6,"9MFWE2cna9Pp","1: I confirm","1: I confirm","transp","0_0",60,8,8,1,1,40,22,"2: female",NA,"2026-01-23 08:25:02"
6,"9gwzNiQydAAk","1: I confirm","1: I confirm","transp","0_0",36,8,8,1,1,36,76,"2: female",NA,"2026-01-23 08:25:04"
6,"126ALP6nQrw0","1: I confirm","1: I confirm","transp","0_0",0,8,8,1,1,0,35,"2: female",NA,"2026-01-23 08:25:31"
6,"tdejsbESl1tI","1: I confirm","1: I confirm","transp","0_0",49,7,7,0.875,0.875,49,30,"1: male",NA,"2026-01-23 08:36:38"
6,"5pFRfizYqbtu","1: I confirm","1: I confirm","transp","0_0",0,8,8,1,1,0,54,"1: male",NA,"2026-01-23 08:42:47"
6,"psz5TQbdGwcF","1: I confirm","1: I confirm","transp","0_0",0,8,8,1,1,0,63,"1: male","All good","2026-01-23 08:42:54"
6,"kxYIkNjjNIev","1: I confirm","1: I confirm","transp","0_0",0,8,8,1,1,0,24,"2: female",NA,"2026-01-23 08:43:07"
6,"6iK3XSl7ahah","1: I confirm","1: I confirm","transp","0_0",90,7,7,0.875,0.875,80,34,"1: male","no errors","2026-01-23 08:43:11"
6,"NdDiGU9ivrbr","1: I confirm","1: I confirm","transp","0_0",0,8,8,1,1,0,40,"1: male","didnt have any errors ","2026-01-23 08:43:20"
6,"aMcaQwGlm3NT","1: I confirm","1: I confirm","transp","0_0",1,8,8,1,1,99,60,"1: male",NA,"2026-01-23 08:43:33"
6,"cL1SjvKp7jZC","1: I confirm","1: I confirm","transp","0_0",0,8,8,1,1,0,25,"1: male",NA,"2026-01-23 08:43:33"
6,"ne9qSgkPkbqN","1: I confirm","1: I confirm","transp","0_0",90,8,7,1,0.875,82,32,"1: male",NA,"2026-01-23 08:43:33"
6,"DMkh8muUUMaU","1: I confirm","1: I confirm","transp","0_0",0,7,8,0.875,1,0,24,"1: male",NA,"2026-01-23 08:43:43"
6,"2uHbxofOTkUI","1: I confirm","1: I confirm","transp","0_0",1,8,8,1,1,0,78,"2: female","none","2026-01-23 08:43:51"
2,"NlMYvUBQbrQM","1: I confirm","1: I confirm","transp","1_1",0,8,8,1,1,0,20,"1: male","I had no errors occur, however several of the images shown to me seemed to be duplicates and I'm unsure if that was intended","2026-01-22 08:36:58"
2,"VZL9MlcOCjFC","1: I confirm","1: I confirm","transp","1_1",0,8,8,1,1,0,41,"1: male",NA,"2026-01-22 08:38:59"
2,"eiQzXewbx5WK","1: I confirm","1: I confirm","transp","1_1",10,8,8,1,1,0,50,"1: male",NA,"2026-01-22 08:45:16"
2,"gJk5lMVHzZSQ","1: I confirm","1: I confirm","transp","1_1",2,8,8,1,1,10,46,"1: male","I didn't come across any errors in the study. Thanks.","2026-01-22 08:49:49"
2,"AS6fwAZiFm6L","1: I confirm","1: I confirm","transp","1_1",7,8,8,1,1,14,46,"2: female",NA,"2026-01-22 09:06:45"
2,"40sv8YlmlXHj","1: I confirm","1: I confirm","transp","1_1",75,8,8,1,1,76,51,"2: female","no issues","2026-01-22 09:11:07"
2,"eHPIPuZdQbAl","1: I confirm","1: I confirm","transp","1_1",50,8,8,1,1,0,36,"1: male","Jesus Loves You","2026-01-22 09:28:55"
2,"jtVwkKG3FMDN","1: I confirm","1: I confirm","transp","1_1",0,8,7,1,0.875,0,47,"1: male",NA,"2026-01-22 09:50:38"
2,"lglXajkYX9NI","1: I confirm","1: I confirm","transp","1_1",50,8,8,1,1,50,45,"1: male","no issues","2026-01-22 09:58:27"
2,"DZSiWLoOmJdG","1: I confirm","1: I confirm","transp","1_1",0,8,8,1,1,0,40,"2: female",NA,"2026-01-22 10:00:11"
2,"k3eBRklkeRfH","1: I confirm","1: I confirm","transp","1_1",6,8,8,1,1,19,38,"2: female",NA,"2026-01-22 10:06:20"
2,"WPknpDTJhPa1","1: I confirm","1: I confirm","transp","1_1",3,7,8,0.875,1,3,27,"2: female",NA,"2026-01-22 10:12:30"
2,"fpzsPNOQEYa0","1: I confirm","1: I confirm","transp","1_1",0,8,8,1,1,0,47,"1: male",NA,"2026-01-22 10:15:21"
2,"kt4k64y1k2ub","1: I confirm","1: I confirm","transp","1_1",0,7,8,0.875,1,50,30,"1: male","N/A","2026-01-22 10:21:59"
2,"v6grRawL7vGo","1: I confirm","1: I confirm","transp","1_1",27,8,8,1,1,73,46,"2: female",NA,"2026-01-22 10:26:28"
2,"no3lcdAHCveN","1: I confirm","1: I confirm","transp","1_1",2,8,8,1,1,1,36,"2: female",NA,"2026-01-22 10:28:46"
2,"d3ZUVmooww12","1: I confirm","1: I confirm","transp","1_1",21,8,8,1,1,9,58,"1: male",NA,"2026-01-22 10:30:13"
2,"RZYjriZgewMU","1: I confirm","1: I confirm","transp","1_1",27,8,8,1,1,1,53,"1: male",NA,"2026-01-22 10:36:28"
2,"9pQVWEs8t72N","1: I confirm","1: I confirm","transp","1_1",10,8,8,1,1,20,37,"2: female",NA,"2026-01-22 10:40:26"
2,"RnyoF1ippHW9","1: I confirm","1: I confirm","transp","1_1",22,7,8,0.875,1,20,23,"2: female",NA,"2026-01-22 10:49:10"
2,"ClVFcW98mE2r","1: I confirm","1: I confirm","transp","1_1",0,8,8,1,1,0,42,"2: female",NA,"2026-01-22 11:09:23"
2,"ZGJUL125vljp","1: I confirm","1: I confirm","transp","1_1",0,8,8,1,1,0,43,"3: non-binary",NA,"2026-01-22 11:13:22"
2,"zxlr8b4X0THY","1: I confirm","1: I confirm","transp","1_1",22,7,8,0.875,1,20,54,"2: female","none noticed","2026-01-22 11:25:46"
2,"Ye7hI9oDJLyB","1: I confirm","1: I confirm","transp","1_1",0,7,8,0.875,1,0,54,"1: male","none","2026-01-22 11:31:35"
2,"3OpwFycDxeMy","1: I confirm","1: I confirm","transp","1_1",3,8,8,1,1,1,56,"2: female",NA,"2026-01-22 11:45:21"
2,"ULZLXVZ5AGo2","1: I confirm","1: I confirm","transp","1_1",0,7,8,0.875,1,0,25,"1: male",NA,"2026-01-22 11:45:51"
2,"oQlqOWg9pT1A","1: I confirm","1: I confirm","transp","1_1",12,8,8,1,1,6,37,"1: male","None","2026-01-22 11:47:28"
2,"IXJTje54CXy2","1: I confirm","1: I confirm","transp","1_1",50,8,8,1,1,59,59,"2: female","none","2026-01-22 11:58:26"
2,"rcpFJ9wM7lnT","1: I confirm","1: I confirm","transp","1_1",0,8,8,1,1,0,43,"2: female",NA,"2026-01-22 12:09:40"
2,"TQ7puQqHCT33","1: I confirm","1: I confirm","transp","1_1",5,8,8,1,1,5,36,"1: male",NA,"2026-01-22 13:05:34"
2,"rVbNTHKpVT8B","1: I confirm","1: I confirm","transp","1_1",0,7,8,0.875,1,0,68,"1: male",NA,"2026-01-22 13:05:36"
2,"PaM9mYI47Dyc","1: I confirm","1: I confirm","transp","1_1",0,8,8,1,1,0,43,"1: male",NA,"2026-01-22 13:05:38"
2,"azMqGrIpZZt3","1: I confirm","1: I confirm","transp","1_1",76,8,8,1,1,67,25,"2: female","No thanks, The study ran smoothly","2026-01-22 13:05:42"
2,"sLqj8nL9cEYC","1: I confirm","1: I confirm","transp","1_1",0,8,8,1,1,0,18,"1: male",NA,"2026-01-22 13:06:21"
2,"Bvy2z7ST0Ila","1: I confirm","1: I confirm","transp","1_1",0,8,8,1,1,0,62,"2: female",NA,"2026-01-22 13:16:49"
2,"SFKCD7BERdp1","1: I confirm","1: I confirm","transp","1_1",32,8,8,1,1,23,44,"2: female",NA,"2026-01-22 13:16:55"
2,"UyMwDLu4jQOD","1: I confirm","1: I confirm","transp","1_1",11,8,8,1,1,21,36,"1: male",NA,"2026-01-22 13:17:01"
2,"lc4EGWRFB3dt","1: I confirm","1: I confirm","transp","1_1",0,8,8,1,1,0,26,"1: male","No","2026-01-22 13:18:18"
2,"MiOL29cssV2l","1: I confirm","1: I confirm","transp","1_1",48,8,8,1,1,0,27,"1: male","no issues,it was a great study","2026-01-22 13:27:37"
2,"RquL1KAk4z8y","1: I confirm","1: I confirm","transp","1_1",0,8,8,1,1,0,52,"1: male",NA,"2026-01-22 13:57:53"
2,"SWNbBywx926v","1: I confirm","1: I confirm","transp","1_1",0,8,8,1,1,0,50,"1: male","No errors as far as I seen or know of.","2026-01-22 13:57:58"
2,"cEZoQw8WbD2Q","1: I confirm","1: I confirm","transp","1_1",0,8,7,1,0.875,0,48,"1: male",NA,"2026-01-22 14:07:25"
2,"VyO1E6TPwhi7","1: I confirm","1: I confirm","transp","1_1",60,8,8,1,1,70,30,"1: male","Interesting survey ","2026-01-22 15:48:12"
2,"k4rKgIQAl5MS","1: I confirm","1: I confirm","transp","1_1",20,8,8,1,1,60,37,"1: male",NA,"2026-01-22 15:48:25"
2,"PPBzooKfY4ez","1: I confirm","1: I confirm","transp","1_1",17,7,7,0.875,0.875,84,31,"1: male",NA,"2026-01-22 15:48:31"
2,"XxsL7om7HukW","1: I confirm","1: I confirm","transp","1_1",89,7,8,0.875,1,100,26,"1: male","N/A","2026-01-22 15:48:39"
2,"M9wogEACGqIQ","1: I confirm","1: I confirm","transp","1_1",0,8,8,1,1,0,56,"2: female","There were no errors or technical issues.","2026-01-22 15:48:44"
2,"eePtm1Eus1yY","1: I confirm","1: I confirm","transp","1_1",0,8,8,1,1,0,34,"1: male",NA,"2026-01-22 15:49:58"
2,"qTzxGcZLDBoT","1: I confirm","1: I confirm","transp","1_1",50,8,8,1,1,74,26,"2: female",NA,"2026-01-22 16:33:08"
2,"ObNTegKPHYJI","1: I confirm","1: I confirm","transp","1_1",0,8,8,1,1,0,36,"1: male",NA,"2026-01-22 16:33:15"
2,"IKHPwfwMs2ID","1: I confirm","1: I confirm","transp","1_1",0,8,8,1,1,0,54,"2: female",NA,"2026-01-22 16:33:18"
2,"XcffqYAhavv4","1: I confirm","1: I confirm","transp","1_1",0,8,8,1,1,0,52,"1: male","All appeared fine to me.","2026-01-22 16:33:39"
2,"VRBoIvsqnEv2","1: I confirm","1: I confirm","transp","1_1",0,8,8,1,1,0,36,"1: male","n/a","2026-01-22 16:36:01"
2,"JVYyPvE2sKRU","1: I confirm","1: I confirm","transp","1_1",0,8,8,1,1,1,36,"1: male",NA,"2026-01-22 16:47:30"
2,"fNupLuYi8dQC","1: I confirm","1: I confirm","transp","1_1",70,8,8,1,1,30,33,"1: male",NA,"2026-01-23 08:56:46"
2,"vO5GkYBj95nM","1: I confirm","1: I confirm","transp","1_1",0,8,8,1,1,27,26,"2: female","there were none","2026-01-23 08:57:01"
2,"fPHd9hri2a3H","1: I confirm","1: I confirm","transp","1_1",0,8,8,1,1,42,24,"1: male","no problems observed
","2026-01-23 08:57:08"
2,"drMXx0hCfhNk","1: I confirm","1: I confirm","transp","1_1",0,8,8,1,1,0,46,"1: male",NA,"2026-01-23 08:57:21"
2,"CmWxpxO8VGqy","1: I confirm","1: I confirm","transp","1_1",10,8,8,1,1,31,30,"1: male","None. I was a bit confused if the mechanism I saw initially where I didn't believe the yellow ball could mvoe the pink ball was the same throughout, or if there were changes behind the screen.","2026-01-23 09:36:10"
2,"A4hv6owC4eii","1: I confirm","1: I confirm","transp","1_1",5,8,8,1,1,70,41,"2: female",NA,"2026-01-23 09:36:16"
6,"0Au0nhXXMRmT","1: I confirm","1: I confirm","transp","0_0",5,4,0,0.5,0,4,42,"2: female",NA,"2026-01-23 08:28:51"
6,"0GspFhlHCDeZ","1: I confirm","1: I confirm","transp","0_0",76,5,6,0.625,0.75,100,56,"2: female","Nothing to report. An interesting survey, I have never heard of this before.","2026-01-22 11:53:59"
1,"0Xta7EmdZ5g6","1: I confirm","1: I confirm","opaque","1_1",50,5,8,0.625,1,80,39,"1: male",NA,"2026-01-22 11:53:58"
2,"0baaxBNvRJwB","1: I confirm","1: I confirm","transp","1_1",0,6,8,0.75,1,0,40,"1: male",NA,"2026-01-23 08:57:22"
6,"1CTrxtmSD3XR","1: I confirm","1: I confirm","transp","0_0",0,7,3,0.875,0.375,0,44,"2: female","I did not notice any errors during the study.","2026-01-22 09:42:37"
2,"1iSY1IrcXg43","1: I confirm","1: I confirm","transp","1_1",61,6,7,0.75,0.875,48,61,"2: female",NA,"2026-01-22 13:16:43"
6,"1rBrRIDMfxhF","1: I confirm","1: I confirm","transp","0_0",20,6,6,0.75,0.75,20,43,"1: male","In every picture, the ball was separate from the shoe, but it was not clear if the ball was actually hit...?  ","2026-01-22 13:58:05"
1,"22pJjW58Ulpv","1: I confirm","1: I confirm","opaque","1_1",58,3,5,0.375,0.625,81,35,"2: female",NA,"2026-01-22 13:16:40"
4,"2AcTAWT2vsqJ","1: I confirm","1: I confirm","transp","05_05",52,2,0,0.25,0,8,70,"2: female",NA,"2026-01-22 13:25:57"
1,"2hGgtUkMocdm","1: I confirm","1: I confirm","opaque","1_1",15,4,8,0.5,1,15,25,"2: female",NA,"2026-01-22 12:28:02"
6,"2s09N9pBPXLD","1: I confirm","1: I confirm","transp","0_0",2,6,8,0.75,1,1,41,"1: male",NA,"2026-01-22 10:34:12"
5,"3ILgoCpxVgcA","1: I confirm","1: I confirm","opaque","0_0",27,6,2,0.75,0.25,16,60,"2: female",NA,"2026-01-22 09:42:45"
6,"3jWoDYEJDcAc","1: I confirm","1: I confirm","transp","0_0",7,1,5,0.125,0.625,6,61,"1: male",NA,"2026-01-22 10:26:13"
5,"3wol7B6p6ZMP","1: I confirm","1: I confirm","opaque","0_0",59,1,2,0.125,0.25,61,34,"2: female","n/a","2026-01-23 09:50:04"
4,"453GDC0WF7eL","1: I confirm","1: I confirm","transp","05_05",0,5,8,0.625,1,0,47,"2: female",NA,"2026-01-22 13:25:40"
5,"4QKQdxrj1Uk8","1: I confirm","1: I confirm","opaque","0_0",60,7,5,0.875,0.625,25,50,"1: male","No errors detected, text and layout were logical and flowed without issue.","2026-01-22 10:00:26"
6,"4WZ4mx7XcJNV","1: I confirm","1: I confirm","transp","0_0",14,7,3,0.875,0.375,21,72,"1: male",NA,"2026-01-22 09:10:20"
2,"5Fu2R4OMG9HZ","1: I confirm","1: I confirm","transp","1_1",0,4,8,0.5,1,0,33,"2: female",NA,"2026-01-22 16:42:16"
6,"6CEvsv6WEqxy","1: I confirm","1: I confirm","transp","0_0",0,1,3,0.125,0.375,0,54,"2: female",NA,"2026-01-22 13:06:40"
6,"6IUJOA54fIcH","1: I confirm","1: I confirm","transp","0_0",20,5,6,0.625,0.75,50,48,"1: male",NA,"2026-01-22 13:06:11"
3,"6n1RrXonV5OE","1: I confirm","1: I confirm","opaque","05_05",3,6,8,0.75,1,8,33,"1: male","None","2026-01-22 14:01:51"
3,"6na6AGI6lxDl","1: I confirm","1: I confirm","opaque","05_05",49,7,5,0.875,0.625,50,48,"2: female",NA,"2026-01-22 11:46:51"
6,"6v8T6crmObSr","1: I confirm","1: I confirm","transp","0_0",23,8,6,1,0.75,10,68,"2: female","No issues.","2026-01-22 11:11:44"
3,"8sIw1ZDg4Rx0","1: I confirm","1: I confirm","opaque","05_05",100,6,8,0.75,1,100,28,"2: female","No errors","2026-01-22 08:40:12"
1,"9fAfpp8shWIx","1: I confirm","1: I confirm","opaque","1_1",85,4,4,0.5,0.5,50,44,"1: male",NA,"2026-01-22 10:09:58"
1,"BUKjwGgrDNg8","1: I confirm","1: I confirm","opaque","1_1",70,1,8,0.125,1,70,61,"2: female",NA,"2026-01-22 10:04:20"
4,"BVnsgd0rL0mV","1: I confirm","1: I confirm","transp","05_05",21,6,8,0.75,1,25,43,"2: female",NA,"2026-01-22 10:30:31"
6,"CGVQ97RywS00","1: I confirm","1: I confirm","transp","0_0",0,7,6,0.875,0.75,0,58,"1: male",NA,"2026-01-22 16:33:12"
1,"CHECG615YNQo","1: I confirm","1: I confirm","opaque","1_1",65,3,8,0.375,1,8,53,"1: male",NA,"2026-01-22 13:59:37"
1,"CrtNmTs7hUiM","1: I confirm","1: I confirm","opaque","1_1",50,6,8,0.75,1,50,39,"2: female",NA,"2026-01-22 09:52:43"
5,"CsemABAryMz6","1: I confirm","1: I confirm","opaque","0_0",49,7,6,0.875,0.75,50,37,"2: female",NA,"2026-01-22 13:26:09"
6,"ESzWi5xowwFm","1: I confirm","1: I confirm","transp","0_0",10,4,4,0.5,0.5,10,27,"1: male",NA,"2026-01-22 15:48:45"
2,"FTJ1Ny7gg16z","1: I confirm","1: I confirm","transp","1_1",23,0,1,0,0.125,64,31,"1: male","no everything was fine with the study","2026-01-23 08:57:31"
3,"FZjZsHJ97fEk","1: I confirm","1: I confirm","opaque","05_05",57,7,4,0.875,0.5,50,67,"2: female","I am sorry but I dont think that I properly understood the instructions .
I thought that if the foot was stationary then the ball would not move.
i also thought that if the ball was in the finish box then it could not move, whereas i now think that the correct answer should have been that yes the pink ball could/did move  ","2026-01-22 09:53:00"
4,"FvHatSKCAFbF","1: I confirm","1: I confirm","transp","05_05",8,6,7,0.75,0.875,91,27,"2: female",NA,"2026-01-22 10:00:36"
4,"G3MOVMd5U1E9","1: I confirm","1: I confirm","transp","05_05",85,5,6,0.625,0.75,85,31,"2: female","No errors.","2026-01-22 13:09:02"
5,"G65EEJMxOOXz","1: I confirm","1: I confirm","opaque","0_0",65,0,5,0,0.625,70,60,"2: female",NA,"2026-01-22 15:48:28"
6,"GYkTQmHP0NtS","1: I confirm","1: I confirm","transp","0_0",0,6,8,0.75,1,50,26,"2: female",NA,"2026-01-22 15:54:42"
5,"IE0xGyNsI9j6","1: I confirm","1: I confirm","opaque","0_0",50,0,0,0,0,91,33,"2: female",NA,"2026-01-23 09:19:46"
2,"IF6wgG4xGYhx","1: I confirm","1: I confirm","transp","1_1",0,8,6,1,0.75,2,27,"2: female",NA,"2026-01-22 13:07:33"
3,"IVc2zu9iXuFg","1: I confirm","1: I confirm","opaque","05_05",50,6,8,0.75,1,38,40,"2: female",NA,"2026-01-22 12:11:06"
6,"IlkkTUw6JcV6","1: I confirm","1: I confirm","transp","0_0",0,6,6,0.75,0.75,50,36,"1: male",NA,"2026-01-22 13:25:42"
3,"J0ebWZvScjty","1: I confirm","1: I confirm","opaque","05_05",10,4,5,0.5,0.625,50,50,"1: male",NA,"2026-01-22 13:27:03"
3,"JLTNrrELswMK","1: I confirm","1: I confirm","opaque","05_05",65,5,7,0.625,0.875,50,66,"2: female",NA,"2026-01-22 10:23:21"
6,"JX6o2kUnWBUd","1: I confirm","1: I confirm","transp","0_0",62,6,4,0.75,0.5,50,21,"2: female",NA,"2026-01-22 13:28:43"
3,"JeucsoR4aapu","1: I confirm","1: I confirm","opaque","05_05",54,7,6,0.875,0.75,7,35,"2: female",NA,"2026-01-22 13:16:55"
3,"KgwgaCsVOstd","1: I confirm","1: I confirm","opaque","05_05",21,4,6,0.5,0.75,49,32,"2: female",NA,"2026-01-22 12:26:47"
1,"KpNKQ1slrH7x","1: I confirm","1: I confirm","opaque","1_1",68,5,8,0.625,1,68,63,"2: female",NA,"2026-01-22 09:14:56"
3,"LKe7QxgVyGmn","1: I confirm","1: I confirm","opaque","05_05",100,8,6,1,0.75,100,46,"2: female","None","2026-01-22 09:42:47"
4,"MSd2ck8esO8i","1: I confirm","1: I confirm","transp","05_05",5,4,3,0.5,0.375,5,46,"2: female",NA,"2026-01-22 10:26:57"
6,"MWlCiNYMAFtD","1: I confirm","1: I confirm","transp","0_0",4,6,8,0.75,1,3,56,"1: male",NA,"2026-01-23 08:24:44"
3,"MZppdEAAnijp","1: I confirm","1: I confirm","opaque","05_05",50,4,8,0.5,1,59,34,"2: female",NA,"2026-01-22 15:48:24"
6,"N0N67RIg9mrr","1: I confirm","1: I confirm","transp","0_0",8,6,8,0.75,1,20,46,"1: male",NA,"2026-01-23 08:24:56"
2,"NUFsJfOX5Hoj","1: I confirm","1: I confirm","transp","1_1",18,4,8,0.5,1,15,36,"2: female",NA,"2026-01-22 16:33:01"
1,"OrYMmATg7esD","1: I confirm","1: I confirm","opaque","1_1",38,8,6,1,0.75,12,70,"2: female",NA,"2026-01-22 13:17:10"
2,"QPq9OpoKF54E","1: I confirm","1: I confirm","transp","1_1",0,7,6,0.875,0.75,0,33,"1: male",NA,"2026-01-22 11:11:31"
5,"SIq5XiVyxgJJ","1: I confirm","1: I confirm","opaque","0_0",37,6,7,0.75,0.875,8,28,"2: female",NA,"2026-01-22 11:10:00"
6,"SbkzdLg3Qtei","1: I confirm","1: I confirm","transp","0_0",0,5,7,0.625,0.875,0,70,"2: female",NA,"2026-01-23 08:24:53"
6,"Sho5nFgzOTGT","1: I confirm","1: I confirm","transp","0_0",3,4,8,0.5,1,3,45,"2: female","I did not find this very easy to understand.","2026-01-22 16:33:05"
1,"Sm6tTXHSyPxK","1: I confirm","1: I confirm","opaque","1_1",47,4,8,0.5,1,58,54,"2: female",NA,"2026-01-22 08:38:27"
6,"Sy6D8TqVewqg","1: I confirm","1: I confirm","transp","0_0",22,8,6,1,0.75,71,32,"1: male",NA,"2026-01-23 08:42:56"
6,"T4EETggrUXw0","1: I confirm","1: I confirm","transp","0_0",25,4,6,0.5,0.75,50,71,"1: male",NA,"2026-01-22 15:56:47"
3,"TfFsZZ1qbxZR","1: I confirm","1: I confirm","opaque","05_05",57,5,6,0.625,0.75,73,41,"2: female",NA,"2026-01-22 16:20:04"
6,"UncYNX9lZhmp","1: I confirm","1: I confirm","transp","0_0",2,6,8,0.75,1,0,60,"1: male",NA,"2026-01-23 08:43:00"
6,"VRdSVOVy7gSJ","1: I confirm","1: I confirm","transp","0_0",64,0,4,0,0.5,68,26,"2: female","N/A","2026-01-22 11:09:19"
1,"W2FCiJ4Yc6Lb","1: I confirm","1: I confirm","opaque","1_1",23,8,6,1,0.75,70,28,"1: male","N/A","2026-01-22 15:48:16"
4,"X1HRlECfL1QB","1: I confirm","1: I confirm","transp","05_05",71,3,4,0.375,0.5,40,39,"1: male","None","2026-01-22 13:06:06"
6,"XkkFy3d7ouoj","1: I confirm","1: I confirm","transp","0_0",50,4,8,0.5,1,5,45,"1: male","I was unsure if the boot could kick the yellow ball over the wall.","2026-01-23 08:43:42"
1,"Y5rdkJ4TBlpm","1: I confirm","1: I confirm","opaque","1_1",72,6,8,0.75,1,57,34,"2: female",NA,"2026-01-22 13:16:47"
2,"YFrfU6dWDNAG","1: I confirm","1: I confirm","transp","1_1",8,4,8,0.5,1,9,37,"2: female","no errors thank you
","2026-01-22 09:56:19"
4,"YVR232yhYz7U","1: I confirm","1: I confirm","transp","05_05",49,3,3,0.375,0.375,18,73,"2: female",NA,"2026-01-22 13:16:47"
6,"ZHvYfooXkrLs","1: I confirm","1: I confirm","transp","0_0",0,3,0,0.375,0,8,38,"2: female",NA,"2026-01-22 13:25:45"
6,"ZLp6E5sOu4s3","1: I confirm","1: I confirm","transp","0_0",0,5,8,0.625,1,0,64,"2: female","no errors","2026-01-23 08:43:23"
2,"ZRrp6qcVh0St","1: I confirm","1: I confirm","transp","1_1",30,5,8,0.625,1,18,54,"2: female",NA,"2026-01-22 15:48:19"
6,"Znxh0ecc5orM","1: I confirm","1: I confirm","transp","0_0",11,5,3,0.625,0.375,24,33,"2: female",NA,"2026-01-22 15:48:35"
6,"a82b20crzonD","1: I confirm","1: I confirm","transp","0_0",50,8,4,1,0.5,0,37,"2: female",NA,"2026-01-22 08:38:24"
6,"aiX81U04IcjK","1: I confirm","1: I confirm","transp","0_0",25,8,4,1,0.5,55,40,"1: male","Everything went well and i did my best. But i feels for better understanding for participant the instruction should be more detailed. Thank you","2026-01-22 15:49:24"
4,"an1I9BcvPUd1","1: I confirm","1: I confirm","transp","05_05",22,4,6,0.5,0.75,15,60,"2: female","casual was spelt incorrectly ","2026-01-22 12:31:49"
3,"bjnixyjmcp0N","1: I confirm","1: I confirm","opaque","05_05",73,4,3,0.5,0.375,50,57,"2: female","None","2026-01-22 10:06:29"
4,"bmlJ2YgvTUx9","1: I confirm","1: I confirm","transp","05_05",0,2,4,0.25,0.5,0,32,"2: female",NA,"2026-01-22 11:15:25"
2,"c2u4Qq5tp5zD","1: I confirm","1: I confirm","transp","1_1",0,1,8,0.125,1,0,30,"2: female",NA,"2026-01-22 13:05:58"
6,"cUEu4yL95swK","1: I confirm","1: I confirm","transp","0_0",0,0,4,0,0.5,0,72,"2: female",NA,"2026-01-22 10:49:29"
4,"cgM57VoAENJQ","1: I confirm","1: I confirm","transp","05_05",50,5,7,0.625,0.875,50,49,"2: female",NA,"2026-01-22 13:25:54"
5,"dSlBrmDnfFZT","1: I confirm","1: I confirm","opaque","0_0",50,8,5,1,0.625,56,42,"2: female",NA,"2026-01-22 08:58:35"
6,"dUsfzELNJ0wV","1: I confirm","1: I confirm","transp","0_0",0,6,6,0.75,0.75,0,57,"2: female",NA,"2026-01-22 09:57:21"
5,"emQVPLBEIue8","1: I confirm","1: I confirm","opaque","0_0",75,0,2,0,0.25,75,43,"2: female","There was a bit of a delay before the study opened.","2026-01-22 13:16:45"
4,"f2KA6pB8Rfoe","1: I confirm","1: I confirm","transp","05_05",24,6,8,0.75,1,0,43,"2: female",NA,"2026-01-23 09:07:48"
4,"fBf6zRYGeDrk","1: I confirm","1: I confirm","transp","05_05",8,6,8,0.75,1,8,58,"1: male",NA,"2026-01-22 09:36:43"
1,"g1ixx5bhUFKp","1: I confirm","1: I confirm","opaque","1_1",50,6,8,0.75,1,56,37,"2: female",NA,"2026-01-22 16:14:55"
6,"gSiU88J5DFe8","1: I confirm","1: I confirm","transp","0_0",5,6,5,0.75,0.625,4,19,"1: male",NA,"2026-01-22 11:45:46"
5,"gncVuL2ifA5t","1: I confirm","1: I confirm","opaque","0_0",50,6,7,0.75,0.875,50,40,"2: female",NA,"2026-01-22 13:16:56"
6,"i5pSGzHxo6TL","1: I confirm","1: I confirm","transp","0_0",0,5,8,0.625,1,0,61,"2: female",NA,"2026-01-23 08:42:44"
4,"iR6LqaI3zH7j","1: I confirm","1: I confirm","transp","05_05",0,2,6,0.25,0.75,0,75,"1: male","How much chuck?","2026-01-22 13:06:00"
6,"igfQJx53tb4y","1: I confirm","1: I confirm","transp","0_0",76,0,0,0,0,76,35,"1: male",NA,"2026-01-23 08:46:27"
6,"jWpZ18U1TeqT","1: I confirm","1: I confirm","transp","0_0",61,1,2,0.125,0.25,42,59,"2: female",NA,"2026-01-22 13:18:55"
3,"k2tV0IBn2yZu","1: I confirm","1: I confirm","opaque","05_05",80,1,3,0.125,0.375,93,54,"1: male",NA,"2026-01-22 11:10:42"
2,"k3fRHu3EHK0V","1: I confirm","1: I confirm","transp","1_1",0,6,6,0.75,0.75,0,53,"2: female","nothing noted ","2026-01-22 13:03:41"
4,"k7TOXyqImy50","1: I confirm","1: I confirm","transp","05_05",66,2,1,0.25,0.125,72,44,"2: female",NA,"2026-01-22 15:48:42"
2,"kPlthoQK1Jaq","1: I confirm","1: I confirm","transp","1_1",0,6,8,0.75,1,0,46,"1: male",NA,"2026-01-22 13:06:01"
2,"kh6PfCwdwYxi","1: I confirm","1: I confirm","transp","1_1",100,0,8,0,1,0,53,"2: female","There are no errors to report.  Thank you!","2026-01-23 08:56:55"
5,"kwNxCQdjq5gx","1: I confirm","1: I confirm","opaque","0_0",51,8,6,1,0.75,17,49,"2: female",NA,"2026-01-23 09:19:42"
2,"lJimPegsVAve","1: I confirm","1: I confirm","transp","1_1",80,3,8,0.375,1,80,45,"2: female","None at all, all good. Thank you! :-)","2026-01-22 13:22:29"
6,"lXF8XpcWsfYY","1: I confirm","1: I confirm","transp","0_0",100,5,8,0.625,1,50,35,"1: male","none","2026-01-22 10:12:35"
5,"llY2EKSuS1lc","1: I confirm","1: I confirm","opaque","0_0",50,7,3,0.875,0.375,50,44,"1: male",NA,"2026-01-22 08:35:57"
5,"mVo63HVretlh","1: I confirm","1: I confirm","opaque","0_0",50,4,4,0.5,0.5,48,29,"2: female",NA,"2026-01-22 16:36:22"
4,"mlUkCz2gcw3V","1: I confirm","1: I confirm","transp","05_05",18,0,0,0,0,3,66,"1: male",NA,"2026-01-23 09:40:23"
4,"mwobHLVkbozc","1: I confirm","1: I confirm","transp","05_05",34,6,5,0.75,0.625,58,22,"2: female",NA,"2026-01-22 16:33:06"
2,"n1mJFXJGUoTH","1: I confirm","1: I confirm","transp","1_1",31,7,3,0.875,0.375,64,25,"2: female","None.","2026-01-23 09:01:30"
6,"nPYc60CNNXpj","1: I confirm","1: I confirm","transp","0_0",0,0,0,0,0,0,51,"1: male","Thanks for the study have a good day ","2026-01-22 13:57:54"
6,"ncJXhKVZoXxR","1: I confirm","1: I confirm","transp","0_0",21,4,3,0.5,0.375,33,53,"1: male",NA,"2026-01-22 09:03:15"
6,"oizosLMH9dSo","1: I confirm","1: I confirm","transp","0_0",0,8,4,1,0.5,0,36,"1: male",NA,"2026-01-22 11:09:28"
5,"owJfgwLis5f6","1: I confirm","1: I confirm","opaque","0_0",60,7,6,0.875,0.75,37,21,"2: female","None","2026-01-22 11:13:31"
4,"pCtIzJfeP1m4","1: I confirm","1: I confirm","transp","05_05",4,2,4,0.25,0.5,31,38,"1: male",NA,"2026-01-22 09:38:07"
1,"pMuBoJR2B4IY","1: I confirm","1: I confirm","opaque","1_1",64,3,3,0.375,0.375,66,30,"1: male",NA,"2026-01-22 13:16:40"
2,"qAB2eUWnjwNd","1: I confirm","1: I confirm","transp","1_1",5,8,1,1,0.125,0,36,"2: female","None","2026-01-22 12:13:53"
3,"qyKVHvV52kLT","1: I confirm","1: I confirm","opaque","05_05",51,5,4,0.625,0.5,48,59,"2: female",NA,"2026-01-22 15:49:17"
6,"rc2XZJjU7rhS","1: I confirm","1: I confirm","transp","0_0",0,4,8,0.5,1,4,46,"2: female",NA,"2026-01-22 13:25:39"
5,"s2swGLq5tuwX","1: I confirm","1: I confirm","opaque","0_0",90,0,0,0,0,79,34,"2: female","none","2026-01-22 13:09:49"
5,"t7L322eIgjnk","1: I confirm","1: I confirm","opaque","0_0",49,6,7,0.75,0.875,51,64,"2: female",NA,"2026-01-22 11:11:29"
4,"tpsiCjDM4mL3","1: I confirm","1: I confirm","transp","05_05",90,6,5,0.75,0.625,72,34,"1: male",NA,"2026-01-22 11:41:39"
5,"uUGtOFcgUnJr","1: I confirm","1: I confirm","opaque","0_0",66,0,4,0,0.5,67,37,"1: male",NA,"2026-01-22 11:09:13"
4,"uynEjqfnqagE","1: I confirm","1: I confirm","transp","05_05",61,6,6,0.75,0.75,51,33,"2: female","none","2026-01-23 10:10:20"
6,"vZR0wHeSaB2i","1: I confirm","1: I confirm","transp","0_0",0,4,5,0.5,0.625,0,41,"1: male","No issues.","2026-01-22 08:47:38"
6,"wYQltfZVicfI","1: I confirm","1: I confirm","transp","0_0",30,3,7,0.375,0.875,19,38,"1: male","Instructions could be clearer","2026-01-22 16:32:52"
4,"woT0xcFN0a83","1: I confirm","1: I confirm","transp","05_05",0,6,7,0.75,0.875,0,34,"2: female","There were no errors detected","2026-01-22 13:06:37"
6,"wrxW8Al70aIw","1: I confirm","1: I confirm","transp","0_0",0,6,8,0.75,1,9,41,"2: female",NA,"2026-01-22 13:16:43"
3,"xWALS7W94Lwj","1: I confirm","1: I confirm","opaque","05_05",75,2,2,0.25,0.25,73,63,"2: female",NA,"2026-01-22 13:58:09"
5,"yBs4R6l4sSjn","1: I confirm","1: I confirm","opaque","0_0",50,6,2,0.75,0.25,50,49,"1: male","none","2026-01-22 13:58:02"
2,"yPya6qUpcaWx","1: I confirm","1: I confirm","transp","1_1",51,4,6,0.5,0.75,61,31,"2: female",NA,"2026-01-22 13:58:53"
6,"zG99IAEzvnhm","1: I confirm","1: I confirm","transp","0_0",0,4,0,0.5,0,0,49,"2: female",NA,"2026-01-22 13:06:04"
2,"MBcv0VGdV7zu","2: I do not confirm","1: I confirm","transp","1_1",85,8,8,1,1,5,53,"1: male",NA,"2026-01-22 13:05:24"
6,"g9qBF7R2M5sc","2: I do not confirm","1: I confirm","transp","0_0",56,6,7,0.75,0.875,47,34,"2: female",NA,"2026-01-22 09:07:43"
