"condition","subj_code","desktop_conf","attent_conf","machine","type","contingency","sampleN","rating_prior","learning_yellow_correct_total","learning_pink_correct_total","learning_yellow_accuracy","learning_pink_accuracy","rating_posterior","age","gender","tech_issues","recorded_at","prior_condition"
8,"mtIyJkj2Dn5j","1: I confirm","1: I confirm","full","S0","05_05",8,0,8,8,1,1,0,36,"1: male",NA,"2026-05-08 10:53:09","S0_full"
8,"OnQCfKaSkd6P","1: I confirm","1: I confirm","full","S0","05_05",8,0,8,8,1,1,50,44,"2: female","none that I can think of.","2026-05-08 10:53:18","S0_full"
8,"3bp6ObAqqn27","1: I confirm","1: I confirm","full","S0","05_05",8,0,8,8,1,1,0,37,"1: male","No errors occurred ","2026-05-08 10:53:24","S0_full"
8,"Kl8AbAX4bwk4","1: I confirm","1: I confirm","full","S0","05_05",8,0,8,8,1,1,0,25,"2: female","I don’t experience any problem.","2026-05-08 10:55:04","S0_full"
8,"LBEMXCc2YQtp","1: I confirm","1: I confirm","full","S0","05_05",8,0,8,8,1,1,1,22,"2: female",NA,"2026-05-08 11:13:11","S0_full"
8,"dBmYcg9GwcTO","1: I confirm","1: I confirm","full","S0","05_05",8,27,8,8,1,1,26,29,"1: male",NA,"2026-05-08 11:13:14","S0_full"
8,"tkyfZTWpb98J","1: I confirm","1: I confirm","full","S0","05_05",8,0,6,7,0.75,0.875,0,33,"2: female",NA,"2026-05-08 11:13:45","S0_full"
8,"jMdbJFFi4qiz","1: I confirm","1: I confirm","full","S0","05_05",8,60,7,7,0.875,0.875,46,42,"2: female","No problems at all","2026-05-08 11:14:26","S0_full"
8,"Cp160kVooNER","1: I confirm","1: I confirm","full","S0","05_05",8,60,6,8,0.75,1,50,43,"2: female",NA,"2026-05-08 11:25:08","S0_full"
8,"6Te4OzN7ydQF","1: I confirm","1: I confirm","full","S0","05_05",8,5,8,8,1,1,0,49,"2: female",NA,"2026-05-08 11:25:20","S0_full"
8,"ZUv8cMaIq58m","1: I confirm","1: I confirm","full","S0","05_05",8,36,8,7,1,0.875,52,23,"1: male","i didn’t come across any bugs or errors that were indicated, at least nothing that i saw","2026-05-08 11:25:37","S0_full"
8,"TfMUnZfcckPV","1: I confirm","1: I confirm","full","S0","05_05",8,1,8,8,1,1,0,29,"2: female",NA,"2026-05-08 11:42:58","S0_full"
8,"kAemtpgNQmhm","1: I confirm","1: I confirm","full","S0","05_05",8,3,8,8,1,1,0,36,"2: female",NA,"2026-05-08 11:54:55","S0_full"
8,"KmuxbMKGpgFV","1: I confirm","1: I confirm","full","S0","05_05",8,25,8,8,1,1,0,39,"1: male","I was abit confused by the study, the later it went on, I understood it more. The brick wall in the middle (when you can see the full image and the mechanical system) makes it confusing as to how the yellow ball makes the pink ball move at all. Also i'm unsure of the process, because it doesn't state if it is using the 'causal model' or the 'non causal model'. Maybe I have misunderstood the task, but I found it quite confusing overall","2026-05-08 11:55:15","S0_full"
8,"KViBT4vOI67r","1: I confirm","1: I confirm","full","S0","05_05",8,80,8,8,1,1,50,30,"2: female",NA,"2026-05-08 12:12:35","S0_full"
8,"Nac60p9gxE9V","1: I confirm","1: I confirm","full","S0","05_05",8,4,8,8,1,1,0,66,"1: male","There were no problems with this study.","2026-05-08 12:12:54","S0_full"
8,"dcQK38dbPA1r","1: I confirm","1: I confirm","full","S0","05_05",8,0,8,8,1,1,50,19,"1: male",NA,"2026-05-08 12:13:07","S0_full"
8,"WXXuuHIlyTwB","1: I confirm","1: I confirm","full","S0","05_05",8,3,8,8,1,1,4,30,"1: male","No, I have no comment.","2026-05-08 12:13:13","S0_full"
8,"dFpFDKzXLR3g","1: I confirm","1: I confirm","full","S0","05_05",8,20,8,7,1,0.875,13,38,"1: male","In one of the pictures, it showed the pink ball in the basket and I chose Pink ball did not roll, however I wanted to choose the pink ball rolled.","2026-05-08 12:26:18","S0_full"
8,"Cvq4R4jkfIUS","1: I confirm","1: I confirm","full","S0","05_05",8,84,7,8,0.875,1,67,26,"2: female",NA,"2026-05-08 12:26:20","S0_full"
8,"NPN7IeZ1QI58","1: I confirm","1: I confirm","full","S0","05_05",8,96,8,8,1,1,95,41,"1: male","No errors or technical issues","2026-05-08 12:31:49","S0_full"
8,"3SngrKzhg0Yt","1: I confirm","1: I confirm","full","S0","05_05",8,0,8,8,1,1,0,32,"1: male","None","2026-05-08 12:34:07","S0_full"
8,"Ky2FL3mYeBQk","1: I confirm","1: I confirm","full","S0","05_05",8,65,8,8,1,1,80,26,"1: male",NA,"2026-05-08 13:03:44","S0_full"
8,"Md9Obr16jtHy","1: I confirm","1: I confirm","full","S0","05_05",8,0,8,8,1,1,0,34,"2: female","None","2026-05-08 13:03:52","S0_full"
8,"8m8kr0axLrVg","1: I confirm","1: I confirm","full","S0","05_05",8,80,8,8,1,1,60,26,"2: female","n/a","2026-05-08 13:03:54","S0_full"
8,"btO9ffzlh5nV","1: I confirm","1: I confirm","full","S0","05_05",8,0,8,8,1,1,0,24,"2: female",NA,"2026-05-08 13:04:00","S0_full"
8,"BNA0Vo9Fa7UZ","1: I confirm","1: I confirm","full","S0","05_05",8,49,8,8,1,1,50,33,"1: male",NA,"2026-05-08 13:04:18","S0_full"
8,"W2LFthnFc77c","1: I confirm","1: I confirm","full","S0","05_05",8,0,8,8,1,1,0,40,"2: female",NA,"2026-05-08 13:11:43","S0_full"
8,"c64DpO1WK0ub","1: I confirm","1: I confirm","full","S0","05_05",8,0,8,8,1,1,0,32,"1: male",NA,"2026-05-08 13:34:52","S0_full"
8,"3VWvrdnHL1Mm","1: I confirm","1: I confirm","full","S0","05_05",8,15,8,8,1,1,0,44,"2: female","N/A","2026-05-08 13:34:59","S0_full"
8,"KfX3Pu6gHHj2","1: I confirm","1: I confirm","full","S0","05_05",8,0,8,8,1,1,0,42,"2: female",NA,"2026-05-08 13:35:08","S0_full"
8,"fgloURCx5anv","1: I confirm","1: I confirm","full","S0","05_05",8,0,8,8,1,1,0,33,"1: male",NA,"2026-05-08 13:35:26","S0_full"
8,"gcuW0o2WmcLn","1: I confirm","1: I confirm","full","S0","05_05",8,50,8,8,1,1,65,34,"1: male",NA,"2026-05-08 14:06:23","S0_full"
8,"67ytWJ2gyWpF","1: I confirm","1: I confirm","full","S0","05_05",8,100,6,7,0.75,0.875,94,28,"1: male","no errors but my comprehension of the task was not 100%","2026-05-08 14:06:24","S0_full"
8,"Wl9qNEwxVVIU","1: I confirm","1: I confirm","full","S0","05_05",8,25,8,8,1,1,50,20,"1: male",NA,"2026-05-08 14:06:27","S0_full"
8,"WwiIngx9pJsS","1: I confirm","1: I confirm","full","S0","05_05",8,0,8,8,1,1,0,39,"2: female",NA,"2026-05-08 14:06:31","S0_full"
8,"0HHDtnw97IkH","1: I confirm","1: I confirm","full","S0","05_05",8,0,8,8,1,1,49,25,"1: male",NA,"2026-05-08 14:06:34","S0_full"
8,"Bj84SVdwr26A","1: I confirm","1: I confirm","full","S0","05_05",8,0,7,8,0.875,1,2,35,"2: female",NA,"2026-05-08 14:06:38","S0_full"
8,"v61cQTXAnt1Y","1: I confirm","1: I confirm","full","S0","05_05",8,5,8,7,1,0.875,0,28,"1: male",NA,"2026-05-08 14:06:42","S0_full"
8,"GCAGgmk6JOXg","1: I confirm","1: I confirm","full","S0","05_05",8,18,8,8,1,1,34,37,"2: female",NA,"2026-05-08 14:06:55","S0_full"
8,"GtPasIo5neV8","1: I confirm","1: I confirm","full","S0","05_05",8,0,8,8,1,1,55,33,"1: male","I didn't notice any issues!","2026-05-08 14:07:45","S0_full"
8,"CRBwFJwVwWS4","1: I confirm","1: I confirm","full","S0","05_05",8,2,8,8,1,1,4,32,"2: female","n/a","2026-05-08 14:19:12","S0_full"
8,"alWa5OLbg0GD","1: I confirm","1: I confirm","full","S0","05_05",8,13,8,8,1,1,9,23,"2: female","n/a","2026-05-08 14:19:32","S0_full"
8,"a7KK1ADAyDNG","1: I confirm","1: I confirm","full","S0","05_05",8,0,8,8,1,1,0,55,"2: female","NO ERRORS FROM WHAT I CAN TELL","2026-05-08 14:19:38","S0_full"
8,"GDaUfsvJ4zal","1: I confirm","1: I confirm","full","S0","05_05",8,8,8,6,1,0.75,1,57,"2: female","None","2026-05-08 14:20:00","S0_full"
8,"JFH93UEXPb7Q","1: I confirm","1: I confirm","full","S0","05_05",8,0,7,7,0.875,0.875,0,34,"2: female","No technical errors or layout issues. 
I was confused on the first couple of examples where I assumed the ball had been tapped or rolled back as I did not notice the foot being raised in the original example, though I had seen the mechanism and would be aware that would happen. ","2026-05-08 15:51:07","S0_full"
8,"30dooYB43Uha","1: I confirm","1: I confirm","full","S0","05_05",8,20,8,8,1,1,15,30,"2: female",NA,"2026-05-08 15:51:10","S0_full"
8,"iE2Ckshib8NN","1: I confirm","1: I confirm","full","S0","05_05",8,15,8,8,1,1,14,27,"2: female",NA,"2026-05-08 15:51:24","S0_full"
8,"2rOWmy6M15Pb","1: I confirm","1: I confirm","full","S0","05_05",8,0,8,8,1,1,0,23,"1: male",NA,"2026-05-08 15:51:32","S0_full"
8,"n070gzJGLkfT","1: I confirm","1: I confirm","full","S0","05_05",8,70,7,8,0.875,1,75,53,"2: female",NA,"2026-05-08 15:58:36","S0_full"
8,"1hgCJt8rBaKn","1: I confirm","1: I confirm","full","S0","05_05",8,64,8,8,1,1,53,29,"1: male",NA,"2026-05-08 15:59:12","S0_full"
8,"TjJgYvwTofuj","1: I confirm","1: I confirm","full","S0","05_05",8,100,8,8,1,1,100,26,"2: female","There were no errors ","2026-05-08 15:59:40","S0_full"
8,"HO3Yac4q0MXI","1: I confirm","1: I confirm","full","S0","05_05",8,18,8,8,1,1,62,48,"1: male","All good! Thanks for letting me take part and good luck with your study results!","2026-05-08 16:07:06","S0_full"
8,"s35I5gJcxJws","1: I confirm","1: I confirm","full","S0","05_05",8,40,8,8,1,1,50,21,"2: female","I did not see any errors ","2026-05-08 16:08:43","S0_full"
8,"g2jBnGIL7fGG","1: I confirm","1: I confirm","full","S0","05_05",8,50,7,8,0.875,1,50,39,"2: female","none","2026-05-09 07:32:01","S0_full"
8,"KUPRA9tkw9ON","1: I confirm","1: I confirm","full","S0","05_05",8,0,8,8,1,1,0,26,"1: male","No errors","2026-05-09 07:32:03","S0_full"
8,"D1ByEwohyPF4","1: I confirm","1: I confirm","full","S0","05_05",8,0,8,8,1,1,50,43,"1: male","no","2026-05-09 07:32:13","S0_full"
8,"7lLTtZFcMyyu","1: I confirm","1: I confirm","full","S0","05_05",8,0,8,8,1,1,0,28,"1: male","n/a","2026-05-09 07:32:17","S0_full"
8,"YX0w7p0QRRWO","1: I confirm","1: I confirm","full","S0","05_05",8,0,8,7,1,0.875,0,43,"1: male",NA,"2026-05-09 07:32:43","S0_full"
8,"AKCEXTQSTCwb","1: I confirm","1: I confirm","full","S0","05_05",8,5,8,8,1,1,1,27,"1: male",NA,"2026-05-09 07:36:47","S0_full"
1,"eGa0hivUnSGm","1: I confirm","1: I confirm","full","S0","1_1",8,60,8,8,1,1,50,25,"2: female",NA,"2026-05-08 10:52:50","S0_full"
1,"7ShpBZRejWtw","1: I confirm","1: I confirm","full","S0","1_1",8,60,8,8,1,1,52,32,"2: female",NA,"2026-05-08 10:53:03","S0_full"
1,"mDPEXoTGPWUY","1: I confirm","1: I confirm","full","S0","1_1",8,0,8,8,1,1,0,28,"2: female","if this was meant to be a quantitative aptitude, the logic is not really connecting, it's too obvious, nothing really brain teasing","2026-05-08 10:53:13","S0_full"
1,"Dh2bHUYTB9dL","1: I confirm","1: I confirm","full","S0","1_1",8,0,8,8,1,1,0,39,"1: male",NA,"2026-05-08 10:53:22","S0_full"
1,"c2KU5nNl6rOa","1: I confirm","1: I confirm","full","S0","1_1",8,100,8,8,1,1,77,25,"1: male",NA,"2026-05-08 10:53:28","S0_full"
1,"hKwfS0vVCjiv","1: I confirm","1: I confirm","full","S0","1_1",8,15,8,8,1,1,20,20,"2: female",NA,"2026-05-08 11:09:25","S0_full"
1,"0ajg1SuDkEY0","1: I confirm","1: I confirm","full","S0","1_1",8,10,8,8,1,1,35,19,"2: female","No","2026-05-08 11:13:34","S0_full"
1,"IE2w09e4i1gL","1: I confirm","1: I confirm","full","S0","1_1",8,5,8,8,1,1,8,30,"1: male",NA,"2026-05-08 11:13:50","S0_full"
1,"b0oKUeowa26Y","1: I confirm","1: I confirm","full","S0","1_1",8,0,8,7,1,0.875,0,33,"3: non-binary","I guess the idea is to figure when the pink ball moved as an effect of the yellow ball rolling. The brick wall suggests that the pink ball, in that scenario, moves because of an internal mechanism. It is a rather convoluted test, although I am autistic and take these kind of tests very literally. I suspect more abstract thinking is required. I offered my best interpretation. Thanks.","2026-05-08 11:14:35","S0_full"
1,"ulTQW3YpdOK4","1: I confirm","1: I confirm","full","S0","1_1",8,3,8,8,1,1,3,35,"2: female","none.","2026-05-08 11:25:03","S0_full"
1,"j5O682MN7QG8","1: I confirm","1: I confirm","full","S0","1_1",8,0,8,8,1,1,15,25,"2: female","n/a","2026-05-08 11:25:22","S0_full"
1,"fF6X6pDFoGXa","1: I confirm","1: I confirm","full","S0","1_1",8,0,7,6,0.875,0.75,0,21,"1: male",NA,"2026-05-08 11:25:42","S0_full"
1,"8JpOpc9kPnQO","1: I confirm","1: I confirm","full","S0","1_1",8,18,8,8,1,1,71,65,"2: female","none","2026-05-08 11:25:56","S0_full"
1,"OAz5dvMY2Y5C","1: I confirm","1: I confirm","full","S0","1_1",8,0,8,8,1,1,0,49,"1: male","None","2026-05-08 11:26:11","S0_full"
1,"vLidc6ZcZPZ5","1: I confirm","1: I confirm","full","S0","1_1",8,0,8,8,1,1,0,21,"2: female","None !","2026-05-08 11:54:56","S0_full"
1,"kfMQhEyKs4oH","1: I confirm","1: I confirm","full","S0","1_1",8,0,8,8,1,1,0,28,"1: male","I didn't notice any, but I did feel the initial screen explaining the causal model and non-causal model seemed irrelevant to the questions and answers going forward. ","2026-05-08 11:55:04","S0_full"
1,"KSL2zRnCCU2F","1: I confirm","1: I confirm","full","S0","1_1",8,6,8,8,1,1,51,38,"2: female",NA,"2026-05-08 11:55:40","S0_full"
1,"yDEKJntIOjGR","1: I confirm","1: I confirm","full","S0","1_1",8,72,8,8,1,1,34,33,"2: female","No errors.","2026-05-08 11:56:49","S0_full"
1,"GkJimGRMx3qA","1: I confirm","1: I confirm","full","S0","1_1",8,50,8,8,1,1,100,36,"2: female",NA,"2026-05-08 12:02:41","S0_full"
1,"z2I2CStgtgdz","1: I confirm","1: I confirm","full","S0","1_1",8,0,8,8,1,1,0,30,"1: male",NA,"2026-05-08 12:12:29","S0_full"
1,"KANxHBJyOGj4","1: I confirm","1: I confirm","full","S0","1_1",8,0,8,8,1,1,100,41,"2: female","none","2026-05-08 12:12:51","S0_full"
1,"FsKT7872kGsW","1: I confirm","1: I confirm","full","S0","1_1",8,0,8,8,1,1,0,33,"2: female","No errors in the study","2026-05-08 12:13:00","S0_full"
1,"dE1LdDC3jHNn","1: I confirm","1: I confirm","full","S0","1_1",8,10,8,8,1,1,5,30,"2: female",NA,"2026-05-08 12:14:08","S0_full"
1,"OqyS6EBI4l8Z","1: I confirm","1: I confirm","full","S0","1_1",8,3,8,8,1,1,36,21,"2: female",NA,"2026-05-08 12:25:45","S0_full"
1,"ISjeaPQ0wc4N","1: I confirm","1: I confirm","full","S0","1_1",8,0,8,8,1,1,49,39,"1: male",NA,"2026-05-08 12:26:02","S0_full"
1,"QKDiGCwIZBIm","1: I confirm","1: I confirm","full","S0","1_1",8,5,8,8,1,1,5,33,"1: male","No issues","2026-05-08 12:26:02","S0_full"
1,"sLcPozfXYV1L","1: I confirm","1: I confirm","full","S0","1_1",8,10,8,8,1,1,1,36,"2: female","None","2026-05-08 12:33:48","S0_full"
1,"f9sm3ScpNmA4","1: I confirm","1: I confirm","full","S0","1_1",8,7,8,8,1,1,19,50,"2: female",NA,"2026-05-08 12:33:59","S0_full"
1,"Ta2ctE286YtN","1: I confirm","1: I confirm","full","S0","1_1",8,0,8,8,1,1,50,22,"1: male","None","2026-05-08 12:34:14","S0_full"
1,"kABRaLYqtJdc","1: I confirm","1: I confirm","full","S0","1_1",8,0,8,8,1,1,0,30,"1: male",NA,"2026-05-08 12:34:19","S0_full"
1,"vgw8U5tEoZ4P","1: I confirm","1: I confirm","full","S0","1_1",8,3,8,8,1,1,49,51,"1: male",NA,"2026-05-08 13:03:27","S0_full"
1,"UwzNb95uRirB","1: I confirm","1: I confirm","full","S0","1_1",8,70,8,8,1,1,92,20,"2: female","I didn't see any.","2026-05-08 13:03:53","S0_full"
1,"ljsgpGZCAjG6","1: I confirm","1: I confirm","full","S0","1_1",8,25,8,8,1,1,50,24,"2: female","no errors, everything was great!","2026-05-08 13:03:57","S0_full"
1,"siPHtcy70P9E","1: I confirm","1: I confirm","full","S0","1_1",8,9,6,6,0.75,0.75,9,45,"2: female","No errors","2026-05-08 13:04:06","S0_full"
1,"rffdgkmHhvee","1: I confirm","1: I confirm","full","S0","1_1",8,13,8,8,1,1,48,30,"2: female",NA,"2026-05-08 13:04:07","S0_full"
1,"78mcQJRZphmN","1: I confirm","1: I confirm","full","S0","1_1",8,5,8,8,1,1,20,33,"2: female",NA,"2026-05-08 13:20:19","S0_full"
1,"niCcb5wxmWlb","1: I confirm","1: I confirm","full","S0","1_1",8,88,8,8,1,1,84,19,"1: male",NA,"2026-05-08 13:34:47","S0_full"
1,"uIcMZi2nc2Hv","1: I confirm","1: I confirm","full","S0","1_1",8,20,8,8,1,1,14,41,"1: male",NA,"2026-05-08 13:34:57","S0_full"
1,"XJDnhx1JNTyi","1: I confirm","1: I confirm","full","S0","1_1",8,0,8,8,1,1,20,42,"2: female","I did not encounter any errors in this study.","2026-05-08 13:35:04","S0_full"
1,"cta1rBdGaQAv","1: I confirm","1: I confirm","full","S0","1_1",8,0,8,8,1,1,0,22,"2: female","They asked the same questions more than once","2026-05-08 13:37:54","S0_full"
1,"B8KgB4C9AtCM","1: I confirm","1: I confirm","full","S0","1_1",8,31,8,8,1,1,54,20,"2: female","No issues","2026-05-08 14:19:19","S0_full"
1,"ZIlTGZSJIqJk","1: I confirm","1: I confirm","full","S0","1_1",8,14,8,8,1,1,37,20,"2: female",NA,"2026-05-08 14:19:37","S0_full"
1,"E8E7Fa8ybjfy","1: I confirm","1: I confirm","full","S0","1_1",8,27,8,8,1,1,42,28,"2: female",NA,"2026-05-08 14:19:46","S0_full"
1,"CbmGNB21xYma","1: I confirm","1: I confirm","full","S0","1_1",8,0,8,8,1,1,0,59,"1: male","Nothing to report.","2026-05-08 14:20:07","S0_full"
1,"PRbdZYydcmUo","1: I confirm","1: I confirm","full","S0","1_1",8,18,8,8,1,1,42,44,"2: female",NA,"2026-05-08 14:20:35","S0_full"
1,"Sc0S3TMbcf5c","1: I confirm","1: I confirm","full","S0","1_1",8,15,8,8,1,1,10,27,"1: male",NA,"2026-05-08 15:51:00","S0_full"
1,"YnJbSRvYyoQN","1: I confirm","1: I confirm","full","S0","1_1",8,79,7,8,0.875,1,61,30,"1: male",NA,"2026-05-08 15:51:10","S0_full"
1,"bWzQ5VnXEE0L","1: I confirm","1: I confirm","full","S0","1_1",8,2,8,8,1,1,15,36,"3: non-binary",NA,"2026-05-08 15:51:16","S0_full"
1,"GIORkuYAcHL4","1: I confirm","1: I confirm","full","S0","1_1",8,35,6,6,0.75,0.75,45,23,"2: female","No errors detected.","2026-05-08 15:51:24","S0_full"
1,"ODwBrlzrCgeD","1: I confirm","1: I confirm","full","S0","1_1",8,5,8,8,1,1,5,30,"1: male",NA,"2026-05-08 15:51:29","S0_full"
1,"BEF6Rk1jGSoT","1: I confirm","1: I confirm","full","S0","1_1",8,88,8,8,1,1,10,18,"1: male","No errors","2026-05-08 15:58:10","S0_full"
1,"r2CWLc9hLb0m","1: I confirm","1: I confirm","full","S0","1_1",8,25,8,8,1,1,85,18,"2: female","N/A","2026-05-08 15:58:25","S0_full"
1,"lhqVyntV8j14","1: I confirm","1: I confirm","full","S0","1_1",8,17,8,8,1,1,91,26,"3: non-binary",NA,"2026-05-08 15:58:34","S0_full"
1,"jcJOTKdmCsEi","1: I confirm","1: I confirm","full","S0","1_1",8,72,7,6,0.875,0.75,8,25,"1: male",NA,"2026-05-08 16:01:09","S0_full"
1,"Xv70A55CMVT2","1: I confirm","1: I confirm","full","S0","1_1",8,0,8,8,1,1,0,23,"1: male",NA,"2026-05-08 16:06:42","S0_full"
1,"4gVwMW1GZzoO","1: I confirm","1: I confirm","full","S0","1_1",8,0,8,8,1,1,0,31,"1: male",NA,"2026-05-08 16:06:52","S0_full"
1,"NoMMLWowCWdA","1: I confirm","1: I confirm","full","S0","1_1",8,0,8,8,1,1,0,29,"2: female",NA,"2026-05-08 16:06:53","S0_full"
1,"82LW5zoDXEue","1: I confirm","1: I confirm","full","S0","1_1",8,7,7,8,0.875,1,9,30,"2: female",NA,"2026-05-08 16:07:11","S0_full"
1,"pEeNsEFC6Wdw","1: I confirm","1: I confirm","full","S0","1_1",8,98,8,8,1,1,0,29,"1: male",NA,"2026-05-09 07:57:09","S0_full"
1,"UwJ5POtBSZZR","1: I confirm","1: I confirm","full","S0","1_1",8,50,8,8,1,1,85,33,"2: female",NA,"2026-05-09 07:57:13","S0_full"
6,"vs77MRC1opyI","1: I confirm","1: I confirm","full","S1","05_05",8,92,7,7,0.875,0.875,34,18,"1: male",NA,"2026-05-08 10:52:50","S1_full"
6,"dL9wEkg5pOgT","1: I confirm","1: I confirm","full","S1","05_05",8,95,8,8,1,1,100,23,"1: male","none","2026-05-08 10:52:54","S1_full"
6,"8jDSEqwAIhLw","1: I confirm","1: I confirm","full","S1","05_05",8,35,8,8,1,1,60,63,"2: female","No errors just interesting hope I answered correctly","2026-05-08 10:53:06","S1_full"
6,"6PTiK04qqOGY","1: I confirm","1: I confirm","full","S1","05_05",8,1,8,8,1,1,100,23,"1: male","No errors","2026-05-08 10:53:17","S1_full"
6,"HRBf4dhyTDeh","1: I confirm","1: I confirm","full","S1","05_05",8,90,8,8,1,1,50,33,"1: male",NA,"2026-05-08 10:53:26","S1_full"
6,"NfYnc7IlYI39","1: I confirm","1: I confirm","full","S1","05_05",8,89,8,8,1,1,91,33,"2: female",NA,"2026-05-08 11:03:16","S1_full"
6,"x3mE2RbAy1E4","1: I confirm","1: I confirm","full","S1","05_05",8,1,8,8,1,1,1,54,"1: male","none","2026-05-08 11:13:12","S1_full"
6,"ggGhB9I6j0XI","1: I confirm","1: I confirm","full","S1","05_05",8,58,8,8,1,1,63,55,"1: male",NA,"2026-05-08 11:13:28","S1_full"
6,"9JGbE9RhirUI","1: I confirm","1: I confirm","full","S1","05_05",8,95,7,8,0.875,1,50,37,"1: male","None","2026-05-08 11:13:42","S1_full"
6,"XDR8zLWkQjJp","1: I confirm","1: I confirm","full","S1","05_05",8,67,6,8,0.75,1,64,63,"1: male",NA,"2026-05-08 11:13:42","S1_full"
6,"gUXpVOBP5F06","1: I confirm","1: I confirm","full","S1","05_05",8,22,7,8,0.875,1,32,38,"1: male","no errors","2026-05-08 11:13:56","S1_full"
6,"y6rTM1EIUQK9","1: I confirm","1: I confirm","full","S1","05_05",8,30,8,8,1,1,57,57,"2: female",NA,"2026-05-08 11:14:22","S1_full"
6,"HXJu1H5bmSQN","1: I confirm","1: I confirm","full","S1","05_05",8,89,8,7,1,0.875,72,34,"2: female",NA,"2026-05-08 11:25:19","S1_full"
6,"SEQF3itdP09q","1: I confirm","1: I confirm","full","S1","05_05",8,87,8,8,1,1,55,24,"2: female",NA,"2026-05-08 11:25:56","S1_full"
6,"LbEo1Zw54Epx","1: I confirm","1: I confirm","full","S1","05_05",8,0,8,8,1,1,0,23,"1: male","none","2026-05-08 11:26:56","S1_full"
6,"WEgkfsh1r9sL","1: I confirm","1: I confirm","full","S1","05_05",8,79,8,8,1,1,24,46,"2: female","n/a","2026-05-08 11:55:02","S1_full"
6,"a0QiIWtefQI1","1: I confirm","1: I confirm","full","S1","05_05",8,100,8,8,1,1,90,33,"1: male",NA,"2026-05-08 11:55:19","S1_full"
6,"2RFyz2wPgWag","1: I confirm","1: I confirm","full","S1","05_05",8,97,8,8,1,1,100,27,"2: female",NA,"2026-05-08 11:55:28","S1_full"
6,"70iT1anaCxNs","1: I confirm","1: I confirm","full","S1","05_05",8,75,6,8,0.75,1,80,24,"1: male",NA,"2026-05-08 12:12:20","S1_full"
6,"Snybx0ri8nEF","1: I confirm","1: I confirm","full","S1","05_05",8,50,8,8,1,1,50,28,"2: female","I didn’t notice errors ","2026-05-08 12:12:37","S1_full"
6,"HsfcD1hE1WMO","1: I confirm","1: I confirm","full","S1","05_05",8,75,8,8,1,1,50,43,"1: male",NA,"2026-05-08 12:12:52","S1_full"
6,"XRbNqcKatmu5","1: I confirm","1: I confirm","full","S1","05_05",8,79,8,8,1,1,50,68,"1: male",NA,"2026-05-08 12:13:07","S1_full"
6,"4usgju9pBiF7","1: I confirm","1: I confirm","full","S1","05_05",8,0,8,8,1,1,0,48,"2: female",NA,"2026-05-08 12:13:10","S1_full"
6,"kgItdStcnEMQ","1: I confirm","1: I confirm","full","S1","05_05",8,50,8,8,1,1,50,55,"1: male",NA,"2026-05-08 12:17:33","S1_full"
6,"mbVW0X22M5Fv","1: I confirm","1: I confirm","full","S1","05_05",8,70,8,8,1,1,50,29,"2: female","I did not spot any errors ","2026-05-08 12:25:42","S1_full"
6,"NITsq9mQMO4v","1: I confirm","1: I confirm","full","S1","05_05",8,50,8,8,1,1,17,41,"2: female",NA,"2026-05-08 12:25:55","S1_full"
6,"rGzPB43Y11MJ","1: I confirm","1: I confirm","full","S1","05_05",8,100,8,8,1,1,100,46,"1: male","Didn't see any errors as far as I could tell","2026-05-08 12:26:23","S1_full"
6,"Va8UWFKW7eO7","1: I confirm","1: I confirm","full","S1","05_05",8,100,8,8,1,1,100,30,"1: male","none","2026-05-08 12:28:26","S1_full"
6,"ASODeke7wSBN","1: I confirm","1: I confirm","full","S1","05_05",8,65,8,8,1,1,91,19,"1: male","I didn't see any","2026-05-08 12:33:57","S1_full"
6,"JH20Ip8e7vqu","1: I confirm","1: I confirm","full","S1","05_05",8,67,6,7,0.75,0.875,17,25,"1: male",NA,"2026-05-08 12:34:01","S1_full"
6,"iPUNonmCCZmc","1: I confirm","1: I confirm","full","S1","05_05",8,93,8,8,1,1,11,24,"2: female",NA,"2026-05-08 12:35:13","S1_full"
6,"PDaUHOXM9qZK","1: I confirm","1: I confirm","full","S1","05_05",8,95,7,7,0.875,0.875,95,24,"1: male",NA,"2026-05-08 13:03:28","S1_full"
6,"C8ivB67eAeIz","1: I confirm","1: I confirm","full","S1","05_05",8,62,8,8,1,1,69,29,"2: female","none","2026-05-08 13:03:52","S1_full"
6,"XkJkUIFjPl6P","1: I confirm","1: I confirm","full","S1","05_05",8,70,8,8,1,1,35,26,"2: female","No errors. Really had to think about the diagrams - quite interesting!","2026-05-08 13:03:56","S1_full"
6,"x2IUCHqt2eoh","1: I confirm","1: I confirm","full","S1","05_05",8,87,6,6,0.75,0.75,87,42,"1: male","no errors but in hindsight I should have taken more time to study the mechanism. ","2026-05-08 13:03:59","S1_full"
6,"ky3zZhDHyG8s","1: I confirm","1: I confirm","full","S1","05_05",8,71,8,8,1,1,50,33,"1: male","i did not encounter any error","2026-05-08 13:04:16","S1_full"
6,"85QHZ7gdgIlS","1: I confirm","1: I confirm","full","S1","05_05",8,95,7,8,0.875,1,95,46,"2: female",NA,"2026-05-08 13:34:49","S1_full"
6,"Ec8g1qL9uDnC","1: I confirm","1: I confirm","full","S1","05_05",8,100,8,8,1,1,100,42,"2: female",NA,"2026-05-08 13:34:57","S1_full"
6,"pbRDLyE7zzRI","1: I confirm","1: I confirm","full","S1","05_05",8,100,8,8,1,1,60,36,"2: female","n/a","2026-05-08 13:34:58","S1_full"
6,"tFFo4GWSs8NJ","1: I confirm","1: I confirm","full","S1","05_05",8,75,7,7,0.875,0.875,0,46,"1: male","How interesting! Would love to know more about this.

Anyway, regarding the actual question, no actual feedback from me. Cheers.","2026-05-08 13:35:08","S1_full"
6,"xPTfhOMnbikt","1: I confirm","1: I confirm","full","S1","05_05",8,50,8,8,1,1,50,45,"1: male",NA,"2026-05-08 13:35:11","S1_full"
6,"Q2Jspzm5q64h","1: I confirm","1: I confirm","full","S1","05_05",8,100,8,7,1,0.875,100,26,"2: female",NA,"2026-05-08 14:19:13","S1_full"
6,"NLHO7jhyGEDM","1: I confirm","1: I confirm","full","S1","05_05",8,84,8,8,1,1,47,28,"1: male",NA,"2026-05-08 14:19:27","S1_full"
6,"B3zFL4jZUP7A","1: I confirm","1: I confirm","full","S1","05_05",8,64,8,8,1,1,93,57,"1: male",NA,"2026-05-08 14:19:32","S1_full"
6,"xiqOmg890vep","1: I confirm","1: I confirm","full","S1","05_05",8,63,7,7,0.875,0.875,51,34,"1: male",NA,"2026-05-08 14:19:39","S1_full"
6,"HLU1309iFiGI","1: I confirm","1: I confirm","full","S1","05_05",8,88,8,8,1,1,17,54,"2: female","None","2026-05-08 14:19:54","S1_full"
6,"o2u2gy3Yj0bd","1: I confirm","1: I confirm","full","S1","05_05",8,89,8,8,1,1,96,63,"2: female",NA,"2026-05-08 15:51:04","S1_full"
6,"TxPt8byypGTP","1: I confirm","1: I confirm","full","S1","05_05",8,75,8,8,1,1,85,30,"2: female","N/a","2026-05-08 15:51:08","S1_full"
6,"3uv6286G6ypB","1: I confirm","1: I confirm","full","S1","05_05",8,76,8,8,1,1,75,59,"2: female",NA,"2026-05-08 15:51:22","S1_full"
6,"xB6bou6wv5AB","1: I confirm","1: I confirm","full","S1","05_05",8,84,8,8,1,1,100,28,"1: male",NA,"2026-05-08 15:51:27","S1_full"
6,"Z535ffxLPGmr","1: I confirm","1: I confirm","full","S1","05_05",8,81,7,7,0.875,0.875,100,59,"2: female","No errors were encountered.","2026-05-08 15:52:18","S1_full"
6,"sPSTDsE62tLp","1: I confirm","1: I confirm","full","S1","05_05",8,24,8,8,1,1,25,25,"3: non-binary","Everything looked fine, instructions were just a bit confusing at first ","2026-05-08 15:58:26","S1_full"
6,"abIcVBWxiHmY","1: I confirm","1: I confirm","full","S1","05_05",8,100,8,8,1,1,100,36,"1: male","No issues","2026-05-08 15:58:27","S1_full"
6,"QD1ziupq54tR","1: I confirm","1: I confirm","full","S1","05_05",8,100,8,8,1,1,100,44,"2: female","no issues- Thank you !","2026-05-08 16:00:22","S1_full"
6,"kJUIHqzu5DEC","1: I confirm","1: I confirm","full","S1","05_05",8,82,7,7,0.875,0.875,63,34,"1: male","No","2026-05-08 16:01:39","S1_full"
6,"inl9GYMYiUXe","1: I confirm","1: I confirm","full","S1","05_05",8,25,6,8,0.75,1,0,73,"1: male",NA,"2026-05-08 16:06:43","S1_full"
6,"4GSMAsZZ3fap","1: I confirm","1: I confirm","full","S1","05_05",8,36,8,8,1,1,89,47,"2: female",NA,"2026-05-08 16:06:56","S1_full"
6,"WUEq3U8dHpLA","1: I confirm","1: I confirm","full","S1","05_05",8,80,8,7,1,0.875,70,35,"2: female",NA,"2026-05-08 16:07:04","S1_full"
6,"hsXXWRR3VNIu","1: I confirm","1: I confirm","full","S1","05_05",8,85,6,6,0.75,0.75,80,28,"2: female",NA,"2026-05-08 16:07:21","S1_full"
6,"41R1HkyHEOEj","1: I confirm","1: I confirm","full","S1","05_05",8,50,8,8,1,1,50,34,"1: male","No Error","2026-05-09 12:37:45","S1_full"
3,"AODjU0Gmpyme","1: I confirm","1: I confirm","full","S1","1_1",8,87,7,8,0.875,1,40,24,"1: male",NA,"2026-05-08 10:52:44","S1_full"
3,"Gi7rKR26pH16","1: I confirm","1: I confirm","full","S1","1_1",8,73,8,8,1,1,100,26,"2: female",NA,"2026-05-08 10:52:53","S1_full"
3,"EZPa7hQI6yQZ","1: I confirm","1: I confirm","full","S1","1_1",8,37,8,8,1,1,32,20,"2: female",NA,"2026-05-08 10:59:37","S1_full"
3,"wEvKe9ZVBMTe","1: I confirm","1: I confirm","full","S1","1_1",8,0,8,8,1,1,16,20,"2: female","n/a","2026-05-08 11:13:14","S1_full"
3,"aP1bmg8k363h","1: I confirm","1: I confirm","full","S1","1_1",8,78,8,8,1,1,77,36,"1: male",NA,"2026-05-08 11:13:37","S1_full"
3,"i0Ew8HybsiA1","1: I confirm","1: I confirm","full","S1","1_1",8,0,8,8,1,1,0,30,"2: female",NA,"2026-05-08 11:14:18","S1_full"
3,"UuQPWYVksbrm","1: I confirm","1: I confirm","full","S1","1_1",8,90,8,8,1,1,62,51,"2: female",NA,"2026-05-08 11:25:35","S1_full"
3,"dH6HG0blJE0u","1: I confirm","1: I confirm","full","S1","1_1",8,79,8,8,1,1,79,27,"2: female","No errors but wording was a little confusing","2026-05-08 11:25:57","S1_full"
3,"ml2kq5XEgMPb","1: I confirm","1: I confirm","full","S1","1_1",8,50,8,8,1,1,100,71,"1: male","I didn't see any.","2026-05-08 11:26:20","S1_full"
3,"Dq49KCJccnYu","1: I confirm","1: I confirm","full","S1","1_1",8,58,8,8,1,1,15,38,"1: male","No errors noticed.","2026-05-08 11:35:10","S1_full"
3,"yonYzu8lTNqj","1: I confirm","1: I confirm","full","S1","1_1",8,83,7,8,0.875,1,63,32,"1: male",NA,"2026-05-08 11:55:13","S1_full"
3,"QqrxDMRvyK5C","1: I confirm","1: I confirm","full","S1","1_1",8,18,8,8,1,1,83,63,"2: female","I think I was clear when I had my initial instructions but when I was shown the two diagrams I was trying to imagine the devices behind the screen so it completely confused me because the first device under the screen meant that the ball could go either way (in the little net or through the pipe) so the effect on the pink ball from the yellow ball couldn't always be judged.","2026-05-08 11:55:20","S1_full"
3,"XKPdwIgpE3ng","1: I confirm","1: I confirm","full","S1","1_1",8,85,8,8,1,1,83,19,"2: female",NA,"2026-05-08 11:55:40","S1_full"
3,"kUFTLFuYYmbL","1: I confirm","1: I confirm","full","S1","1_1",8,100,8,8,1,1,100,29,"2: female","none","2026-05-08 11:56:21","S1_full"
3,"VhYZBHyfw7dD","1: I confirm","1: I confirm","full","S1","1_1",8,50,8,8,1,1,74,18,"1: male",NA,"2026-05-08 11:57:30","S1_full"
3,"iOUtEW8Fw6Iz","1: I confirm","1: I confirm","full","S1","1_1",8,48,8,8,1,1,21,44,"2: female",NA,"2026-05-08 12:12:31","S1_full"
3,"45DBhSHNb0NY","1: I confirm","1: I confirm","full","S1","1_1",8,6,8,8,1,1,100,34,"2: female","none","2026-05-08 12:12:46","S1_full"
3,"yctVk0efs0Gt","1: I confirm","1: I confirm","full","S1","1_1",8,37,6,6,0.75,0.75,60,34,"2: female",NA,"2026-05-08 12:13:02","S1_full"
3,"3VAxewZO1yVo","1: I confirm","1: I confirm","full","S1","1_1",8,80,8,8,1,1,100,27,"2: female",NA,"2026-05-08 12:13:18","S1_full"
3,"ivRU9PPWBia1","1: I confirm","1: I confirm","full","S1","1_1",8,43,8,8,1,1,44,46,"2: female","N/A","2026-05-08 12:14:49","S1_full"
3,"O43M3olDlWnq","1: I confirm","1: I confirm","full","S1","1_1",8,1,8,8,1,1,1,36,"2: female",NA,"2026-05-08 12:25:53","S1_full"
3,"t2uh5pR5DWwW","1: I confirm","1: I confirm","full","S1","1_1",8,96,8,8,1,1,87,37,"1: male","all seemed fine, but not certain what i was meant to be proving?","2026-05-08 12:26:03","S1_full"
3,"cSmQZwJhSuSY","1: I confirm","1: I confirm","full","S1","1_1",8,23,8,8,1,1,23,32,"2: female","No errors","2026-05-08 12:26:22","S1_full"
3,"D4Rt178KgL4z","1: I confirm","1: I confirm","full","S1","1_1",8,86,8,8,1,1,96,42,"1: male","No","2026-05-08 12:26:28","S1_full"
3,"Q588VNIDDMlM","1: I confirm","1: I confirm","full","S1","1_1",8,89,8,8,1,1,90,54,"2: female",NA,"2026-05-08 12:33:50","S1_full"
3,"J51ZbIja9WXf","1: I confirm","1: I confirm","full","S1","1_1",8,50,8,8,1,1,50,42,"2: female","none","2026-05-08 12:34:03","S1_full"
3,"YT1qReBsw3F5","1: I confirm","1: I confirm","full","S1","1_1",8,57,8,8,1,1,66,21,"2: female","No errors on my side","2026-05-08 12:34:12","S1_full"
3,"kFRgPeUKOP5T","1: I confirm","1: I confirm","full","S1","1_1",8,35,8,8,1,1,50,41,"1: male",NA,"2026-05-08 12:45:39","S1_full"
3,"rSLGWrKA3uCQ","1: I confirm","1: I confirm","full","S1","1_1",8,50,8,8,1,1,50,26,"1: male","No, I didn't find any, but there's a net that indicates a 50% chance the Yellow ball won't roll. But that wasn't mentioned. So I assumed that if the yellow ball rolled, it could affect the pink one.  Also, it wasn't mentioned whether both mechanisms occur simultaneously or are separate.","2026-05-08 13:03:30","S1_full"
3,"lpd4kI3uOYaJ","1: I confirm","1: I confirm","full","S1","1_1",8,95,6,8,0.75,1,66,28,"1: male",NA,"2026-05-08 13:03:44","S1_full"
3,"LMvHe3RQn4Q0","1: I confirm","1: I confirm","full","S1","1_1",8,100,6,8,0.75,1,100,57,"2: female",NA,"2026-05-08 13:03:54","S1_full"
3,"FaaeBd8p3jfW","1: I confirm","1: I confirm","full","S1","1_1",8,10,8,8,1,1,6,40,"1: male","NO ISSUES.","2026-05-08 13:04:00","S1_full"
3,"21tayM2Ljaiy","1: I confirm","1: I confirm","full","S1","1_1",8,100,8,8,1,1,100,55,"1: male",NA,"2026-05-08 13:04:07","S1_full"
3,"CV58W2bkV7ec","1: I confirm","1: I confirm","full","S1","1_1",8,37,8,8,1,1,67,20,"2: female","none","2026-05-08 13:34:54","S1_full"
3,"NbgZ4UG6fXUZ","1: I confirm","1: I confirm","full","S1","1_1",8,73,8,8,1,1,76,46,"2: female",NA,"2026-05-08 13:34:59","S1_full"
3,"tRL2fMHfO3bu","1: I confirm","1: I confirm","full","S1","1_1",8,76,8,8,1,1,50,30,"2: female","did not notice any","2026-05-08 13:35:12","S1_full"
3,"jnB173MVgDB2","1: I confirm","1: I confirm","full","S1","1_1",8,90,7,7,0.875,0.875,55,30,"2: female","no errors","2026-05-08 13:49:06","S1_full"
3,"nYpyYFivTjjL","1: I confirm","1: I confirm","full","S1","1_1",8,100,8,8,1,1,51,20,"2: female",NA,"2026-05-08 14:19:17","S1_full"
3,"nGvUjNDADWts","1: I confirm","1: I confirm","full","S1","1_1",8,3,7,7,0.875,0.875,94,44,"1: male","I didn't come across any glitches.","2026-05-08 14:19:22","S1_full"
3,"dS3CG6rUMZdZ","1: I confirm","1: I confirm","full","S1","1_1",8,20,8,8,1,1,30,19,"1: male",NA,"2026-05-08 14:19:43","S1_full"
3,"kNgDCAYkSzvC","1: I confirm","1: I confirm","full","S1","1_1",8,0,8,8,1,1,0,42,"1: male",NA,"2026-05-08 14:21:05","S1_full"
3,"9IduTR73pbWl","1: I confirm","1: I confirm","full","S1","1_1",8,46,8,8,1,1,52,34,"2: female","N/A","2026-05-08 14:21:28","S1_full"
3,"We6QbzXlIHbc","1: I confirm","1: I confirm","full","S1","1_1",8,81,8,8,1,1,43,29,"2: female","no issue was noticed","2026-05-08 15:50:55","S1_full"
3,"uyG8Q4tWYxBU","1: I confirm","1: I confirm","full","S1","1_1",8,100,7,8,0.875,1,92,54,"1: male",NA,"2026-05-08 15:51:14","S1_full"
3,"rKtwBEdSltSl","1: I confirm","1: I confirm","full","S1","1_1",8,100,8,8,1,1,100,36,"2: female",NA,"2026-05-08 15:51:20","S1_full"
3,"o4LiOw9cssCQ","1: I confirm","1: I confirm","full","S1","1_1",8,55,8,8,1,1,52,46,"2: female",NA,"2026-05-08 15:51:28","S1_full"
3,"32pH2dxO6vdw","1: I confirm","1: I confirm","full","S1","1_1",8,84,8,8,1,1,43,28,"1: male","nothing was wrong.","2026-05-08 15:51:38","S1_full"
3,"D0bM5dsQmaDC","1: I confirm","1: I confirm","full","S1","1_1",8,0,8,8,1,1,10,58,"2: female","no problems","2026-05-08 15:54:15","S1_full"
3,"fXX80ndicvHf","1: I confirm","1: I confirm","full","S1","1_1",8,4,6,8,0.75,1,0,29,"2: female",NA,"2026-05-08 15:58:28","S1_full"
3,"lk8v7oC9u6EN","1: I confirm","1: I confirm","full","S1","1_1",8,100,8,8,1,1,19,18,"2: female","N/A
","2026-05-08 16:06:52","S1_full"
3,"lHY3qAEjA703","1: I confirm","1: I confirm","full","S1","1_1",8,87,8,8,1,1,22,23,"1: male",NA,"2026-05-08 16:06:55","S1_full"
3,"BtGAS6BBmEfs","1: I confirm","1: I confirm","full","S1","1_1",8,14,8,8,1,1,50,23,"2: female",NA,"2026-05-08 16:07:07","S1_full"
3,"x6YIXmggwovD","1: I confirm","1: I confirm","full","S1","1_1",8,55,8,8,1,1,65,61,"1: male",NA,"2026-05-08 16:09:25","S1_full"
3,"XeqzLQTANH84","1: I confirm","1: I confirm","full","S1","1_1",8,0,8,8,1,1,0,38,"2: female","No issues were found.","2026-05-09 06:13:49","S1_full"
3,"0yAlqyxeekyg","1: I confirm","1: I confirm","full","S1","1_1",8,50,8,8,1,1,75,26,"1: male",NA,"2026-05-09 06:13:50","S1_full"
3,"RYMEaVT8TIpp","1: I confirm","1: I confirm","full","S1","1_1",8,0,8,8,1,1,1,48,"2: female",NA,"2026-05-09 06:13:51","S1_full"
3,"CtZwy448Gxrz","1: I confirm","1: I confirm","full","S1","1_1",8,20,8,8,1,1,75,39,"1: male",NA,"2026-05-09 06:13:58","S1_full"
3,"DpyCR7VFvEzh","1: I confirm","1: I confirm","full","S1","1_1",8,90,6,7,0.75,0.875,50,34,"1: male",NA,"2026-05-09 06:14:09","S1_full"
3,"Sxjkr4XZgWLZ","1: I confirm","1: I confirm","full","S1","1_1",8,77,8,7,1,0.875,36,58,"2: female",NA,"2026-05-09 06:14:25","S1_full"
3,"qAAacLmfizER","1: I confirm","1: I confirm","full","S1","1_1",8,90,7,7,0.875,0.875,100,44,"2: female","Everything was perfect ","2026-05-09 06:14:48","S1_full"
7,"LACAjZ37YD5H","1: I confirm","1: I confirm","partial","S0","05_05",8,59,7,7,0.875,0.875,32,27,"2: female","none","2026-05-08 10:52:47","S0_partial"
7,"gpDlpo1odqQV","1: I confirm","1: I confirm","partial","S0","05_05",8,14,8,8,1,1,0,25,"2: female","No errors.","2026-05-08 10:52:54","S0_partial"
7,"LOohnV4zKQc3","1: I confirm","1: I confirm","partial","S0","05_05",8,4,6,8,0.75,1,50,41,"2: female","none","2026-05-08 10:53:04","S0_partial"
7,"wd3DuDAPN2ea","1: I confirm","1: I confirm","partial","S0","05_05",8,60,8,8,1,1,71,24,"2: female",NA,"2026-05-08 10:53:21","S0_partial"
7,"tyHzywjSfKaK","1: I confirm","1: I confirm","partial","S0","05_05",8,0,7,8,0.875,1,0,55,"2: female","None","2026-05-08 11:13:39","S0_partial"
7,"FvRtCe3tVTXJ","1: I confirm","1: I confirm","partial","S0","05_05",8,3,8,8,1,1,2,34,"1: male",NA,"2026-05-08 11:13:55","S0_partial"
7,"IflXp96I9iBa","1: I confirm","1: I confirm","partial","S0","05_05",8,58,8,7,1,0.875,27,23,"2: female",NA,"2026-05-08 11:14:02","S0_partial"
7,"6oowKl8sG9Zr","1: I confirm","1: I confirm","partial","S0","05_05",8,50,8,8,1,1,68,24,"2: female",NA,"2026-05-08 11:25:40","S0_partial"
7,"bB5b3qEKd5Ix","1: I confirm","1: I confirm","partial","S0","05_05",8,77,8,8,1,1,85,62,"1: male",NA,"2026-05-08 11:25:53","S0_partial"
7,"hgWBfWZ5Yygp","1: I confirm","1: I confirm","partial","S0","05_05",8,49,8,8,1,1,50,48,"2: female",NA,"2026-05-08 11:26:06","S0_partial"
7,"H3cDq6tJVU2G","1: I confirm","1: I confirm","partial","S0","05_05",8,0,8,8,1,1,0,56,"1: male","no errors","2026-05-08 11:54:55","S0_partial"
7,"Iyv5fOVinGmx","1: I confirm","1: I confirm","partial","S0","05_05",8,12,7,8,0.875,1,26,65,"2: female",NA,"2026-05-08 11:55:17","S0_partial"
7,"cxN49kBe5gDU","1: I confirm","1: I confirm","partial","S0","05_05",8,11,8,8,1,1,31,39,"2: female","No all good ,","2026-05-08 11:55:24","S0_partial"
7,"aDabafKT0Jgu","1: I confirm","1: I confirm","partial","S0","05_05",8,7,8,8,1,1,6,24,"2: female",NA,"2026-05-08 11:55:43","S0_partial"
7,"O23NFe6MMM2R","1: I confirm","1: I confirm","partial","S0","05_05",8,0,8,8,1,1,4,45,"2: female",NA,"2026-05-08 11:56:05","S0_partial"
7,"gNhW2zdtVOTY","1: I confirm","1: I confirm","partial","S0","05_05",8,0,8,8,1,1,0,37,"1: male","N/A","2026-05-08 12:12:35","S0_partial"
7,"VJAcWXOB4DpC","1: I confirm","1: I confirm","partial","S0","05_05",8,79,6,8,0.75,1,73,52,"2: female","Everything was good ","2026-05-08 12:12:52","S0_partial"
7,"ZVEw7G3heHmR","1: I confirm","1: I confirm","partial","S0","05_05",8,3,8,8,1,1,3,44,"2: female",NA,"2026-05-08 12:12:54","S0_partial"
7,"3dcchwC4Cfo5","1: I confirm","1: I confirm","partial","S0","05_05",8,10,8,8,1,1,10,51,"1: male",NA,"2026-05-08 12:26:10","S0_partial"
7,"xBENOsgbtq0B","1: I confirm","1: I confirm","partial","S0","05_05",8,0,8,8,1,1,0,26,"1: male",NA,"2026-05-08 12:26:21","S0_partial"
7,"snWjS7EqWX02","1: I confirm","1: I confirm","partial","S0","05_05",8,100,8,6,1,0.75,0,38,"2: female",NA,"2026-05-08 12:26:47","S0_partial"
7,"0ADEKWeELdXb","1: I confirm","1: I confirm","partial","S0","05_05",8,0,6,8,0.75,1,0,20,"1: male","I think it was unclear the first few images on what image would show the yellow ball rolling. I didn't know if it was a given or we had to see the leg act upon it until later on.","2026-05-08 12:34:10","S0_partial"
7,"Qs91Nntrr5eS","1: I confirm","1: I confirm","partial","S0","05_05",8,0,8,8,1,1,0,26,"1: male","None","2026-05-08 13:03:44","S0_partial"
7,"XvbMoKoXdtUh","1: I confirm","1: I confirm","partial","S0","05_05",8,40,8,8,1,1,10,34,"1: male","No errors to report","2026-05-08 13:03:44","S0_partial"
7,"0YENyqFesoe0","1: I confirm","1: I confirm","partial","S0","05_05",8,0,8,8,1,1,0,41,"1: male",NA,"2026-05-08 13:03:53","S0_partial"
7,"Ph22FLcQ4ksu","1: I confirm","1: I confirm","partial","S0","05_05",8,24,8,8,1,1,50,49,"2: female",NA,"2026-05-08 13:04:03","S0_partial"
7,"OwRtgrN88dYk","1: I confirm","1: I confirm","partial","S0","05_05",8,10,8,8,1,1,10,45,"1: male","No issues","2026-05-08 13:04:07","S0_partial"
7,"EjHHGPwEmjP9","1: I confirm","1: I confirm","partial","S0","05_05",8,0,8,8,1,1,0,27,"3: non-binary",NA,"2026-05-08 13:10:47","S0_partial"
7,"jkFhPRi0J7V8","1: I confirm","1: I confirm","partial","S0","05_05",8,82,8,8,1,1,15,22,"2: female",NA,"2026-05-08 13:34:45","S0_partial"
7,"IFR0t88FuMOO","1: I confirm","1: I confirm","partial","S0","05_05",8,100,8,8,1,1,100,57,"1: male","None that I can remember","2026-05-08 13:34:53","S0_partial"
7,"OZR0btcFM5b6","1: I confirm","1: I confirm","partial","S0","05_05",8,0,6,8,0.75,1,50,83,"2: female","no errors as far as I could see","2026-05-08 13:35:11","S0_partial"
7,"QiU8JkPCrr7p","1: I confirm","1: I confirm","partial","S0","05_05",8,2,8,8,1,1,13,44,"1: male","none","2026-05-08 13:36:01","S0_partial"
7,"H5FYlAOL5iUp","1: I confirm","1: I confirm","partial","S0","05_05",8,0,7,8,0.875,1,50,20,"2: female",NA,"2026-05-08 14:06:21","S0_partial"
7,"HLgbcDb7AZ7n","1: I confirm","1: I confirm","partial","S0","05_05",8,0,7,7,0.875,0.875,0,22,"2: female","I was a bit confused by the instructions","2026-05-08 14:06:24","S0_partial"
7,"0gGAesOXJrci","1: I confirm","1: I confirm","partial","S0","05_05",8,0,8,8,1,1,0,32,"1: male",NA,"2026-05-08 14:06:29","S0_partial"
7,"qmsgMwm9Wv2j","1: I confirm","1: I confirm","partial","S0","05_05",8,50,8,8,1,1,0,42,"1: male",NA,"2026-05-08 14:06:30","S0_partial"
7,"uQPo7EjBzvkj","1: I confirm","1: I confirm","partial","S0","05_05",8,20,8,8,1,1,76,46,"2: female",NA,"2026-05-08 14:06:38","S0_partial"
7,"lVfx0OAbUEWb","1: I confirm","1: I confirm","partial","S0","05_05",8,1,8,8,1,1,12,33,"2: female",NA,"2026-05-08 14:06:41","S0_partial"
7,"wW4VlxXM1aVb","1: I confirm","1: I confirm","partial","S0","05_05",8,2,8,8,1,1,10,28,"2: female","none","2026-05-08 14:06:42","S0_partial"
7,"66YOQHMi7kq3","1: I confirm","1: I confirm","partial","S0","05_05",8,95,8,8,1,1,0,22,"2: female",NA,"2026-05-08 14:06:43","S0_partial"
7,"CeCKooguQXZf","1: I confirm","1: I confirm","partial","S0","05_05",8,44,8,8,1,1,33,33,"2: female",NA,"2026-05-08 14:06:50","S0_partial"
7,"xW02SwVw0ZR2","1: I confirm","1: I confirm","partial","S0","05_05",8,20,8,8,1,1,20,33,"2: female","N/A","2026-05-08 14:06:59","S0_partial"
7,"OojC6cHTVv5O","1: I confirm","1: I confirm","partial","S0","05_05",8,47,8,8,1,1,50,18,"2: female",NA,"2026-05-08 14:19:14","S0_partial"
7,"rX0BzAQ4rrw5","1: I confirm","1: I confirm","partial","S0","05_05",8,0,8,8,1,1,0,35,"2: female","none","2026-05-08 14:19:25","S0_partial"
7,"meNLLk1OZMoF","1: I confirm","1: I confirm","partial","S0","05_05",8,0,7,8,0.875,1,0,43,"1: male","The first question whether the yellow ball was rolling or not it was difficult to tell without a comparison image so I put not rolling but it was rolling like in later pictures.","2026-05-08 14:19:43","S0_partial"
7,"vaj7JRrmEnvl","1: I confirm","1: I confirm","partial","S0","05_05",8,0,7,8,0.875,1,0,52,"2: female",NA,"2026-05-08 14:20:00","S0_partial"
7,"OTfUnRKJpvL8","1: I confirm","1: I confirm","partial","S0","05_05",8,11,8,8,1,1,0,18,"1: male","when it says ""roll"" its a little confusing. When it said rolled my mind shifted to an outside variable rolling the ball and not the boot (for the yellow ball), so it took me some time to think about it.","2026-05-08 15:51:02","S0_partial"
7,"phpN6aJnks6o","1: I confirm","1: I confirm","partial","S0","05_05",8,5,8,8,1,1,5,37,"1: male","Everything worked fine.","2026-05-08 15:51:12","S0_partial"
7,"BptLS4sGRruW","1: I confirm","1: I confirm","partial","S0","05_05",8,0,8,8,1,1,0,38,"2: female",NA,"2026-05-08 15:51:22","S0_partial"
7,"IDExfUZ826X8","1: I confirm","1: I confirm","partial","S0","05_05",8,13,8,8,1,1,0,32,"1: male",NA,"2026-05-08 15:51:28","S0_partial"
7,"STTZ8GMxz090","1: I confirm","1: I confirm","partial","S0","05_05",8,8,8,8,1,1,13,51,"2: female",NA,"2026-05-08 15:51:29","S0_partial"
7,"6yUq0lcBzleh","1: I confirm","1: I confirm","partial","S0","05_05",8,15,8,8,1,1,15,22,"1: male",NA,"2026-05-08 15:58:22","S0_partial"
7,"CSJyRhnMyIk7","1: I confirm","1: I confirm","partial","S0","05_05",8,29,8,8,1,1,32,39,"1: male",NA,"2026-05-08 15:58:28","S0_partial"
7,"jio3weJwWpef","1: I confirm","1: I confirm","partial","S0","05_05",8,0,8,8,1,1,0,37,"2: female",NA,"2026-05-08 15:58:35","S0_partial"
7,"4FbcubQayGN1","1: I confirm","1: I confirm","partial","S0","05_05",8,2,8,8,1,1,17,21,"3: non-binary",NA,"2026-05-08 15:58:37","S0_partial"
7,"LAm84shPlZbl","1: I confirm","1: I confirm","partial","S0","05_05",8,2,8,8,1,1,3,35,"2: female",NA,"2026-05-08 16:06:39","S0_partial"
7,"YXnllNNrAqLA","1: I confirm","1: I confirm","partial","S0","05_05",8,0,8,8,1,1,50,27,"1: male","none","2026-05-08 16:06:48","S0_partial"
7,"qOUYhUnEoUX4","1: I confirm","1: I confirm","partial","S0","05_05",8,1,8,6,1,0.75,17,22,"2: female",NA,"2026-05-08 16:06:59","S0_partial"
7,"Hgsceq75mAyP","1: I confirm","1: I confirm","partial","S0","05_05",8,75,8,8,1,1,25,30,"1: male",NA,"2026-05-08 16:07:16","S0_partial"
7,"qamMVmZQqCFE","1: I confirm","1: I confirm","partial","S0","05_05",8,1,7,7,0.875,0.875,1,27,"2: female",NA,"2026-05-08 16:07:20","S0_partial"
2,"GjXsLT5rF2n4","1: I confirm","1: I confirm","partial","S0","1_1",8,80,8,8,1,1,0,18,"1: male",NA,"2026-05-08 10:52:50","S0_partial"
2,"GO0DwnN9h5wB","1: I confirm","1: I confirm","partial","S0","1_1",8,0,8,8,1,1,58,25,"1: male",NA,"2026-05-08 10:52:57","S0_partial"
2,"ALf89DKla2ew","1: I confirm","1: I confirm","partial","S0","1_1",8,93,8,8,1,1,52,40,"1: male",NA,"2026-05-08 10:53:20","S0_partial"
2,"2gkYsxthF2CI","1: I confirm","1: I confirm","partial","S0","1_1",8,9,6,8,0.75,1,9,42,"2: female",NA,"2026-05-08 11:13:29","S0_partial"
2,"pdxy1C98KD5B","1: I confirm","1: I confirm","partial","S0","1_1",8,0,8,8,1,1,42,36,"2: female","none","2026-05-08 11:13:41","S0_partial"
2,"FcxWBYWnRmyb","1: I confirm","1: I confirm","partial","S0","1_1",8,82,8,8,1,1,90,27,"2: female",NA,"2026-05-08 11:13:47","S0_partial"
2,"buTfwKXUPujP","1: I confirm","1: I confirm","partial","S0","1_1",8,0,8,8,1,1,0,22,"1: male",NA,"2026-05-08 11:14:04","S0_partial"
2,"AnIzzRFZOURo","1: I confirm","1: I confirm","partial","S0","1_1",8,0,8,8,1,1,0,50,"1: male",NA,"2026-05-08 11:25:09","S0_partial"
2,"SQ7qR3m1WNYv","1: I confirm","1: I confirm","partial","S0","1_1",8,50,8,8,1,1,30,24,"2: female",NA,"2026-05-08 11:25:19","S0_partial"
2,"e04Z6q10xBvu","1: I confirm","1: I confirm","partial","S0","1_1",8,0,8,8,1,1,10,32,"2: female",NA,"2026-05-08 11:25:47","S0_partial"
2,"BorthUQBLRPC","1: I confirm","1: I confirm","partial","S0","1_1",8,80,7,8,0.875,1,100,27,"1: male","N/A","2026-05-08 11:25:51","S0_partial"
2,"MwNZrrEudxdR","1: I confirm","1: I confirm","partial","S0","1_1",8,0,8,8,1,1,0,58,"1: male","interesting study, thank you","2026-05-08 11:26:08","S0_partial"
2,"NfDqyl8xkE23","1: I confirm","1: I confirm","partial","S0","1_1",8,28,6,8,0.75,1,8,29,"2: female","There were no problems I spotted, the working was a little confusing i had to reread a few times but this study has stumped me i need to know if it could move the ball or not haha. Good luck ","2026-05-08 11:41:55","S0_partial"
2,"7lydAX5tXkAe","1: I confirm","1: I confirm","partial","S0","1_1",8,8,8,8,1,1,7,25,"2: female","n/a","2026-05-08 11:54:59","S0_partial"
2,"SBajlRR6X7eW","1: I confirm","1: I confirm","partial","S0","1_1",8,3,8,8,1,1,74,37,"2: female","N/A","2026-05-08 11:55:18","S0_partial"
2,"dRb6w68cendJ","1: I confirm","1: I confirm","partial","S0","1_1",8,6,8,8,1,1,0,47,"2: female",NA,"2026-05-08 11:55:20","S0_partial"
2,"weUDOdSTdua3","1: I confirm","1: I confirm","partial","S0","1_1",8,0,8,8,1,1,0,21,"1: male",NA,"2026-05-08 11:55:28","S0_partial"
2,"JU2TKuPzmqa9","1: I confirm","1: I confirm","partial","S0","1_1",8,0,8,8,1,1,0,31,"1: male",NA,"2026-05-08 11:57:26","S0_partial"
2,"tMPKO4h07oHI","1: I confirm","1: I confirm","partial","S0","1_1",8,20,8,8,1,1,50,24,"2: female",NA,"2026-05-08 12:12:25","S0_partial"
2,"KZiz4buWkSDN","1: I confirm","1: I confirm","partial","S0","1_1",8,21,8,8,1,1,47,48,"1: male",NA,"2026-05-08 12:12:38","S0_partial"
2,"iilIzQmakZnr","1: I confirm","1: I confirm","partial","S0","1_1",8,0,8,8,1,1,2,36,"1: male","There were no issues. I could see everything very clearly and understand the flow of the set task.  ","2026-05-08 12:12:45","S0_partial"
2,"fkVsssgk8oY3","1: I confirm","1: I confirm","partial","S0","1_1",8,71,8,8,1,1,70,61,"2: female",NA,"2026-05-08 12:13:01","S0_partial"
2,"DVXR4v56wP3n","1: I confirm","1: I confirm","partial","S0","1_1",8,100,8,8,1,1,35,18,"1: male",NA,"2026-05-08 12:13:48","S0_partial"
2,"hr8bbw6edtqp","1: I confirm","1: I confirm","partial","S0","1_1",8,0,8,8,1,1,5,20,"1: male",NA,"2026-05-08 12:25:53","S0_partial"
2,"ReQ2NiYX1RaB","1: I confirm","1: I confirm","partial","S0","1_1",8,0,6,8,0.75,1,1,35,"1: male",NA,"2026-05-08 12:26:01","S0_partial"
2,"WC5DVqd5jRlw","1: I confirm","1: I confirm","partial","S0","1_1",8,49,8,6,1,0.75,53,30,"1: male",NA,"2026-05-08 12:26:08","S0_partial"
2,"bhsIPZS4JHju","1: I confirm","1: I confirm","partial","S0","1_1",8,50,7,7,0.875,0.875,50,45,"2: female","No errors or issues.","2026-05-08 12:26:24","S0_partial"
2,"3hOlM7WiuVUN","1: I confirm","1: I confirm","partial","S0","1_1",8,0,8,8,1,1,0,37,"1: male","No issues","2026-05-08 12:26:42","S0_partial"
2,"8Vy7wUWJeRP0","1: I confirm","1: I confirm","partial","S0","1_1",8,2,8,8,1,1,38,31,"1: male",NA,"2026-05-08 12:34:02","S0_partial"
2,"zoAjeecoxDSd","1: I confirm","1: I confirm","partial","S0","1_1",8,96,8,8,1,1,97,27,"2: female",NA,"2026-05-08 12:34:13","S0_partial"
2,"liHth2FP07Tl","1: I confirm","1: I confirm","partial","S0","1_1",8,54,8,8,1,1,78,34,"2: female","I did not notice any errors.","2026-05-08 13:03:53","S0_partial"
2,"9fZuKoYW6eGZ","1: I confirm","1: I confirm","partial","S0","1_1",8,21,8,8,1,1,34,36,"2: female",NA,"2026-05-08 13:03:57","S0_partial"
2,"1xelHiOamTk6","1: I confirm","1: I confirm","partial","S0","1_1",8,95,7,8,0.875,1,100,44,"1: male",NA,"2026-05-08 13:04:11","S0_partial"
2,"dTv9XnQG6dii","1: I confirm","1: I confirm","partial","S0","1_1",8,8,8,8,1,1,85,34,"1: male",NA,"2026-05-08 13:05:26","S0_partial"
2,"xxvAdeSESrju","1: I confirm","1: I confirm","partial","S0","1_1",8,12,8,8,1,1,32,21,"2: female","n/a","2026-05-08 13:34:45","S0_partial"
2,"mbe3NdajdY9o","1: I confirm","1: I confirm","partial","S0","1_1",8,10,8,8,1,1,35,25,"1: male",NA,"2026-05-08 13:34:53","S0_partial"
2,"6UlA2eEmKRev","1: I confirm","1: I confirm","partial","S0","1_1",8,72,8,8,1,1,90,39,"2: female",NA,"2026-05-08 13:35:09","S0_partial"
2,"OavYCxF2zIUn","1: I confirm","1: I confirm","partial","S0","1_1",8,20,8,8,1,1,0,30,"1: male",NA,"2026-05-08 13:35:11","S0_partial"
2,"kqdLdjMvncwX","1: I confirm","1: I confirm","partial","S0","1_1",8,30,8,8,1,1,20,54,"2: female","no comment","2026-05-08 13:35:26","S0_partial"
2,"9JpUIuy5OksJ","1: I confirm","1: I confirm","partial","S0","1_1",8,1,8,8,1,1,95,27,"2: female","NIL","2026-05-08 13:37:47","S0_partial"
2,"djgnEmPDIkZC","1: I confirm","1: I confirm","partial","S0","1_1",8,0,8,8,1,1,0,47,"2: female",NA,"2026-05-08 14:19:18","S0_partial"
2,"5r1SvXIm7YIn","1: I confirm","1: I confirm","partial","S0","1_1",8,0,8,8,1,1,0,39,"1: male","n/a","2026-05-08 14:19:36","S0_partial"
2,"szpOpALFTjrL","1: I confirm","1: I confirm","partial","S0","1_1",8,52,7,6,0.875,0.75,63,53,"2: female",NA,"2026-05-08 14:19:47","S0_partial"
2,"AE4xiVoe1kdx","1: I confirm","1: I confirm","partial","S0","1_1",8,89,8,8,1,1,100,43,"1: male","n/a","2026-05-08 14:20:26","S0_partial"
2,"1OQZOXdRhGud","1: I confirm","1: I confirm","partial","S0","1_1",8,0,8,8,1,1,51,26,"2: female","No issues, though the same answer was repeated","2026-05-08 15:51:03","S0_partial"
2,"OE7bsx7W2q5D","1: I confirm","1: I confirm","partial","S0","1_1",8,0,8,8,1,1,11,64,"1: male","nothing","2026-05-08 15:51:14","S0_partial"
2,"spQGHQTQmqZv","1: I confirm","1: I confirm","partial","S0","1_1",8,100,8,8,1,1,99,23,"1: male",NA,"2026-05-08 15:51:28","S0_partial"
2,"y7mcxev6K1cB","1: I confirm","1: I confirm","partial","S0","1_1",8,3,8,8,1,1,50,39,"2: female",NA,"2026-05-08 15:58:27","S0_partial"
2,"cP5pvoxAjm0B","1: I confirm","1: I confirm","partial","S0","1_1",8,0,8,8,1,1,0,68,"2: female",NA,"2026-05-08 15:58:32","S0_partial"
2,"VO6S9HHiCKQL","1: I confirm","1: I confirm","partial","S0","1_1",8,10,8,8,1,1,36,54,"2: female",NA,"2026-05-08 15:58:36","S0_partial"
2,"dUASXKHcg5i7","1: I confirm","1: I confirm","partial","S0","1_1",8,0,8,8,1,1,0,33,"1: male",NA,"2026-05-08 16:07:01","S0_partial"
2,"oi5RHaoP7WqK","1: I confirm","1: I confirm","partial","S0","1_1",8,3,8,8,1,1,1,34,"2: female","I dont think any issues. BUt it is hard to know if there was a tunnel for the yellow ball to roll through and hit the mechanism to cause the pink ball to roll. ","2026-05-08 16:07:17","S0_partial"
2,"wUg2CQVthuYR","1: I confirm","1: I confirm","partial","S0","1_1",8,100,8,8,1,1,100,18,"2: female",NA,"2026-05-08 16:10:13","S0_partial"
2,"OShn1NrXqL82","1: I confirm","1: I confirm","partial","S0","1_1",8,5,8,8,1,1,75,31,"2: female","N/A","2026-05-09 06:56:27","S0_partial"
2,"SHQVh5zOO8UX","1: I confirm","1: I confirm","partial","S0","1_1",8,0,8,8,1,1,0,50,"1: male","no issues that i noticed :)
","2026-05-09 06:56:31","S0_partial"
2,"skLHxEFNwdIf","1: I confirm","1: I confirm","partial","S0","1_1",8,0,7,7,0.875,0.875,0,57,"1: male",NA,"2026-05-09 06:56:36","S0_partial"
2,"LOP8oEyP3DTM","1: I confirm","1: I confirm","partial","S0","1_1",8,60,6,8,0.75,1,65,29,"2: female",NA,"2026-05-09 06:56:37","S0_partial"
2,"eYVW3BsrZZ3T","1: I confirm","1: I confirm","partial","S0","1_1",8,10,8,8,1,1,11,21,"2: female",NA,"2026-05-09 06:56:42","S0_partial"
2,"oeAXY5uOu9MH","1: I confirm","1: I confirm","partial","S0","1_1",8,82,8,8,1,1,83,28,"1: male","N/A","2026-05-09 06:56:45","S0_partial"
2,"OxzFb6LPtb0m","1: I confirm","1: I confirm","partial","S0","1_1",8,15,8,8,1,1,15,28,"1: male",NA,"2026-05-09 06:56:48","S0_partial"
5,"KKBd8Mm4NHJH","1: I confirm","1: I confirm","partial","S1","05_05",8,12,8,8,1,1,12,26,"2: female","No errors discovered","2026-05-08 10:52:50","S1_partial"
5,"7nyXhhaJzpJ0","1: I confirm","1: I confirm","partial","S1","05_05",8,100,6,8,0.75,1,100,20,"1: male",NA,"2026-05-08 10:53:04","S1_partial"
5,"DudLNdQx71lW","1: I confirm","1: I confirm","partial","S1","05_05",8,14,8,8,1,1,9,37,"1: male","Nothing to report","2026-05-08 10:53:05","S1_partial"
5,"KqtKVZazNSNb","1: I confirm","1: I confirm","partial","S1","05_05",8,100,8,8,1,1,60,28,"1: male","N/A","2026-05-08 10:53:16","S1_partial"
5,"EogMWy3jfg5Y","1: I confirm","1: I confirm","partial","S1","05_05",8,90,7,8,0.875,1,10,29,"2: female","I haven't came across any error or issues ","2026-05-08 10:53:36","S1_partial"
5,"3BstLZetpc0C","1: I confirm","1: I confirm","partial","S1","05_05",8,100,8,8,1,1,90,50,"1: male",NA,"2026-05-08 11:09:24","S1_partial"
5,"ZudLsnOyGihh","1: I confirm","1: I confirm","partial","S1","05_05",8,90,8,8,1,1,90,19,"1: male","N/A","2026-05-08 11:13:32","S1_partial"
5,"kDXXeTUzvbFa","1: I confirm","1: I confirm","partial","S1","05_05",8,0,8,8,1,1,50,32,"1: male",NA,"2026-05-08 11:13:43","S1_partial"
5,"rncAdjWDd4Bm","1: I confirm","1: I confirm","partial","S1","05_05",8,17,8,8,1,1,50,33,"2: female",NA,"2026-05-08 11:14:09","S1_partial"
5,"lRl0o8cBS6bn","1: I confirm","1: I confirm","partial","S1","05_05",8,100,8,8,1,1,100,44,"1: male","found it hard to find the scale on the first image asked. a scale with numbers would have been easier","2026-05-08 11:15:37","S1_partial"
5,"ofNYewtxLvwY","1: I confirm","1: I confirm","partial","S1","05_05",8,50,8,7,1,0.875,50,27,"1: male",NA,"2026-05-08 11:25:17","S1_partial"
5,"Zf1VSOIJW9LU","1: I confirm","1: I confirm","partial","S1","05_05",8,1,8,8,1,1,50,34,"2: female","none","2026-05-08 11:25:23","S1_partial"
5,"IeV5v9RzCNYr","1: I confirm","1: I confirm","partial","S1","05_05",8,30,8,8,1,1,50,42,"2: female","No errors, enjoyed the task.","2026-05-08 11:25:36","S1_partial"
5,"myfwvbvYhz68","1: I confirm","1: I confirm","partial","S1","05_05",8,100,8,7,1,0.875,100,19,"1: male","Overall very good. However, with the first question regarding the balls moving I thought the slight gap between the device and the pink ball meant it had moved. This was completely an error on my part, as I should have paid extremely close attention.","2026-05-08 11:25:48","S1_partial"
5,"JYuP2K0njNKk","1: I confirm","1: I confirm","partial","S1","05_05",8,74,6,8,0.75,1,100,38,"2: female",NA,"2026-05-08 11:26:01","S1_partial"
5,"IrGIbyOISTAr","1: I confirm","1: I confirm","partial","S1","05_05",8,63,7,7,0.875,0.875,44,43,"2: female",NA,"2026-05-08 11:26:26","S1_partial"
5,"HaqFC2CAc7zK","1: I confirm","1: I confirm","partial","S1","05_05",8,84,8,8,1,1,89,47,"1: male",NA,"2026-05-08 11:55:28","S1_partial"
5,"RxGF16aR9URo","1: I confirm","1: I confirm","partial","S1","05_05",8,0,8,8,1,1,0,38,"1: male",NA,"2026-05-08 11:55:30","S1_partial"
5,"z5apQihmc8Ic","1: I confirm","1: I confirm","partial","S1","05_05",8,75,8,8,1,1,57,26,"2: female","None.","2026-05-08 11:55:50","S1_partial"
5,"c0BOsLx6Zjz8","1: I confirm","1: I confirm","partial","S1","05_05",8,98,7,8,0.875,1,61,38,"1: male",NA,"2026-05-08 11:56:52","S1_partial"
5,"PoSf6VjN3k1h","1: I confirm","1: I confirm","partial","S1","05_05",8,64,8,8,1,1,55,34,"2: female",NA,"2026-05-08 11:57:50","S1_partial"
5,"xAFTokpC2Wbq","1: I confirm","1: I confirm","partial","S1","05_05",8,99,8,8,1,1,100,34,"1: male","Video wouldn't fully play","2026-05-08 12:01:44","S1_partial"
5,"zexH4Z3OGdhU","1: I confirm","1: I confirm","partial","S1","05_05",8,25,8,8,1,1,15,34,"2: female",NA,"2026-05-08 12:12:17","S1_partial"
5,"MXvrccpCW3WJ","1: I confirm","1: I confirm","partial","S1","05_05",8,10,8,8,1,1,10,51,"1: male","Everything  its looking  fine ","2026-05-08 12:12:42","S1_partial"
5,"eSzBqb9iRySc","1: I confirm","1: I confirm","partial","S1","05_05",8,100,6,6,0.75,0.75,100,29,"2: female",NA,"2026-05-08 12:12:43","S1_partial"
5,"etJSCDnOu7v5","1: I confirm","1: I confirm","partial","S1","05_05",8,100,8,8,1,1,51,27,"1: male",NA,"2026-05-08 12:12:57","S1_partial"
5,"d9JqcYF2frL1","1: I confirm","1: I confirm","partial","S1","05_05",8,86,8,8,1,1,77,60,"1: male",NA,"2026-05-08 12:26:06","S1_partial"
5,"jjPgMLSHxYsf","1: I confirm","1: I confirm","partial","S1","05_05",8,25,8,8,1,1,10,18,"1: male",NA,"2026-05-08 12:26:23","S1_partial"
5,"PeIPnWwmaslI","1: I confirm","1: I confirm","partial","S1","05_05",8,48,8,8,1,1,50,53,"1: male","none","2026-05-08 12:26:32","S1_partial"
5,"jddxryjM4oWL","1: I confirm","1: I confirm","partial","S1","05_05",8,14,8,8,1,1,17,25,"1: male",NA,"2026-05-08 12:29:02","S1_partial"
5,"WFErWpxyhhyE","1: I confirm","1: I confirm","partial","S1","05_05",8,65,8,8,1,1,53,27,"2: female","None.","2026-05-08 12:34:04","S1_partial"
5,"Q3IDxEwWBKvg","1: I confirm","1: I confirm","partial","S1","05_05",8,0,8,8,1,1,0,31,"1: male",NA,"2026-05-08 12:34:05","S1_partial"
5,"b6En7P0NtwXc","1: I confirm","1: I confirm","partial","S1","05_05",8,85,8,8,1,1,20,44,"1: male","No errors","2026-05-08 13:03:57","S1_partial"
5,"JsdmvXJeaSrC","1: I confirm","1: I confirm","partial","S1","05_05",8,93,8,8,1,1,62,21,"1: male",NA,"2026-05-08 13:03:58","S1_partial"
5,"BxTrzTkMvXpQ","1: I confirm","1: I confirm","partial","S1","05_05",8,89,8,8,1,1,88,32,"1: male",NA,"2026-05-08 13:34:44","S1_partial"
5,"uJ85pbdVBK6X","1: I confirm","1: I confirm","partial","S1","05_05",8,75,8,8,1,1,40,34,"2: female",NA,"2026-05-08 13:34:53","S1_partial"
5,"5U5EROJ5MAU0","1: I confirm","1: I confirm","partial","S1","05_05",8,0,8,8,1,1,93,25,"1: male","There is no error recorded, it was smooth and understandable.","2026-05-08 13:35:01","S1_partial"
5,"trHxlt2jgnmh","1: I confirm","1: I confirm","partial","S1","05_05",8,50,8,8,1,1,50,53,"2: female","none","2026-05-08 13:38:43","S1_partial"
5,"iym7lrhTrpAQ","1: I confirm","1: I confirm","partial","S1","05_05",8,100,8,8,1,1,100,43,"2: female","N/A","2026-05-08 14:19:10","S1_partial"
5,"3HH0zxT77tgL","1: I confirm","1: I confirm","partial","S1","05_05",8,75,8,8,1,1,77,22,"1: male",NA,"2026-05-08 14:19:26","S1_partial"
5,"ZGGjErLMnLUg","1: I confirm","1: I confirm","partial","S1","05_05",8,0,8,8,1,1,8,30,"2: female",NA,"2026-05-08 14:19:35","S1_partial"
5,"Y7EecZmsGp9c","1: I confirm","1: I confirm","partial","S1","05_05",8,10,8,8,1,1,33,33,"1: male",NA,"2026-05-08 14:19:42","S1_partial"
5,"qHkj804CKwmu","1: I confirm","1: I confirm","partial","S1","05_05",8,98,8,8,1,1,90,43,"1: male","No errors","2026-05-08 14:20:12","S1_partial"
5,"faVspBnaVrhR","1: I confirm","1: I confirm","partial","S1","05_05",8,30,8,8,1,1,20,36,"2: female","None","2026-05-08 15:51:01","S1_partial"
5,"7mwdVnJwG6zX","1: I confirm","1: I confirm","partial","S1","05_05",8,100,8,8,1,1,50,22,"1: male",NA,"2026-05-08 15:51:16","S1_partial"
5,"LccaXGP9wiUz","1: I confirm","1: I confirm","partial","S1","05_05",8,81,8,8,1,1,90,29,"1: male",NA,"2026-05-08 15:51:17","S1_partial"
5,"KtAdSMNz3zAL","1: I confirm","1: I confirm","partial","S1","05_05",8,79,8,8,1,1,100,30,"2: female","N/A","2026-05-08 15:51:28","S1_partial"
5,"N7VL6JP99dHX","1: I confirm","1: I confirm","partial","S1","05_05",8,67,6,8,0.75,1,78,28,"2: female","spellings  errors, time","2026-05-08 15:53:53","S1_partial"
5,"Qzt4CaVv9nJB","1: I confirm","1: I confirm","partial","S1","05_05",8,66,8,8,1,1,73,31,"2: female","no","2026-05-08 15:58:16","S1_partial"
5,"HCiZC4XHhQeF","1: I confirm","1: I confirm","partial","S1","05_05",8,85,8,8,1,1,86,46,"1: male","None-- fun study!","2026-05-08 15:58:26","S1_partial"
5,"q78oglu9teLn","1: I confirm","1: I confirm","partial","S1","05_05",8,75,8,8,1,1,75,42,"1: male",NA,"2026-05-08 15:58:31","S1_partial"
5,"ZA64PB1NBmF9","1: I confirm","1: I confirm","partial","S1","05_05",8,68,8,8,1,1,64,34,"1: male",NA,"2026-05-08 15:58:47","S1_partial"
5,"UJfU9Ld6nNpH","1: I confirm","1: I confirm","partial","S1","05_05",8,75,8,8,1,1,75,41,"1: male",NA,"2026-05-08 16:06:55","S1_partial"
5,"udVO8ttGD68i","1: I confirm","1: I confirm","partial","S1","05_05",8,92,8,8,1,1,50,35,"1: male",NA,"2026-05-08 16:07:05","S1_partial"
5,"5SBkbusau0sJ","1: I confirm","1: I confirm","partial","S1","05_05",8,75,8,8,1,1,19,36,"2: female",NA,"2026-05-08 16:07:19","S1_partial"
5,"8NR2NfdtELBk","1: I confirm","1: I confirm","partial","S1","05_05",8,70,8,8,1,1,70,46,"1: male",NA,"2026-05-08 16:17:13","S1_partial"
5,"4ftMBvqipxge","1: I confirm","1: I confirm","partial","S1","05_05",8,71,8,8,1,1,90,18,"4: prefer not to say",NA,"2026-05-09 17:15:53","S1_partial"
5,"kbENrZvjkG6F","1: I confirm","1: I confirm","partial","S1","05_05",8,14,8,8,1,1,0,19,"1: male",NA,"2026-05-09 17:15:55","S1_partial"
5,"z74EW7Mx43wP","1: I confirm","1: I confirm","partial","S1","05_05",8,13,8,8,1,1,81,72,"1: male","no errors","2026-05-09 17:15:56","S1_partial"
5,"G4VTIBpxfIQ4","1: I confirm","1: I confirm","partial","S1","05_05",8,91,8,8,1,1,90,47,"2: female","I did not come across any errors as far as I could see.","2026-05-09 17:15:57","S1_partial"
4,"XIT2xQWYK83E","1: I confirm","1: I confirm","partial","S1","1_1",8,50,7,8,0.875,1,50,33,"2: female","Nothing I noticed","2026-05-08 10:52:44","S1_partial"
4,"EAJcOPmi2FBJ","1: I confirm","1: I confirm","partial","S1","1_1",8,81,8,8,1,1,2,38,"1: male",NA,"2026-05-08 10:52:55","S1_partial"
4,"kFGlFLIqdite","1: I confirm","1: I confirm","partial","S1","1_1",8,78,6,8,0.75,1,13,59,"1: male",NA,"2026-05-08 10:53:13","S1_partial"
4,"RSTz41MUuMvq","1: I confirm","1: I confirm","partial","S1","1_1",8,90,8,8,1,1,50,30,"1: male","no errors","2026-05-08 10:53:21","S1_partial"
4,"mW8HGdtZVGDM","1: I confirm","1: I confirm","partial","S1","1_1",8,100,8,8,1,1,100,27,"1: male",NA,"2026-05-08 10:54:25","S1_partial"
4,"UpukVFdxSNOY","1: I confirm","1: I confirm","partial","S1","1_1",8,45,8,8,1,1,49,41,"1: male",NA,"2026-05-08 11:13:13","S1_partial"
4,"dFDduxaud1xk","1: I confirm","1: I confirm","partial","S1","1_1",8,17,8,8,1,1,69,19,"1: male",NA,"2026-05-08 11:13:21","S1_partial"
4,"vfANYuDOSDWO","1: I confirm","1: I confirm","partial","S1","1_1",8,96,6,8,0.75,1,71,46,"2: female","none","2026-05-08 11:13:39","S1_partial"
4,"5YCKDSvmL5dJ","1: I confirm","1: I confirm","partial","S1","1_1",8,30,8,8,1,1,43,30,"2: female","n/a","2026-05-08 11:13:57","S1_partial"
4,"HFFuOFyLmz7c","1: I confirm","1: I confirm","partial","S1","1_1",8,25,8,8,1,1,23,50,"2: female",NA,"2026-05-08 11:25:01","S1_partial"
4,"4zz8II6MsCaj","1: I confirm","1: I confirm","partial","S1","1_1",8,80,8,8,1,1,86,30,"1: male","No errors with the survey itself. 

I guess my only thoughts would be: can the yellow ball roll forward - impact the device and cause the pink ball to roll - then due to momentum roll back to the starting point having impacted the pink ball. So the causal model has taken place even though it appears not have done so.  ","2026-05-08 11:25:33","S1_partial"
4,"oCO21R7AXYVw","1: I confirm","1: I confirm","partial","S1","1_1",8,30,8,8,1,1,30,19,"2: female",NA,"2026-05-08 11:25:45","S1_partial"
4,"3Q1bqhJd8Ohx","1: I confirm","1: I confirm","partial","S1","1_1",8,100,8,8,1,1,100,24,"1: male","\","2026-05-08 11:25:47","S1_partial"
4,"azvHNtUxxEJn","1: I confirm","1: I confirm","partial","S1","1_1",8,44,8,7,1,0.875,42,25,"2: female","There weren't any errors in this study everything was very clear.","2026-05-08 11:26:18","S1_partial"
4,"r8l0PkgUngUx","1: I confirm","1: I confirm","partial","S1","1_1",8,76,8,8,1,1,62,28,"1: male",NA,"2026-05-08 11:27:16","S1_partial"
4,"8gswijrCU2pD","1: I confirm","1: I confirm","partial","S1","1_1",8,89,8,8,1,1,50,35,"2: female",NA,"2026-05-08 11:55:02","S1_partial"
4,"eEPx8hH127cw","1: I confirm","1: I confirm","partial","S1","1_1",8,20,8,8,1,1,17,33,"2: female",NA,"2026-05-08 11:55:16","S1_partial"
4,"BSB5yBmB0vSt","1: I confirm","1: I confirm","partial","S1","1_1",8,50,8,8,1,1,50,31,"1: male","None, it was clear, easy and good.","2026-05-08 11:55:24","S1_partial"
4,"f42vcFIcpWmI","1: I confirm","1: I confirm","partial","S1","1_1",8,6,7,7,0.875,0.875,86,42,"2: female","layout problem with the ball.","2026-05-08 11:55:39","S1_partial"
4,"T36F4RDsCTZn","1: I confirm","1: I confirm","partial","S1","1_1",8,15,8,8,1,1,20,35,"1: male","no errors","2026-05-08 11:56:33","S1_partial"
4,"6fUQg3gtZQoG","1: I confirm","1: I confirm","partial","S1","1_1",8,61,8,8,1,1,50,48,"1: male","NO errors. I did wonder if maybe the yellow ball would bounce back if rolled and end near the original foot kicker because you would have to roll that yellow ball pretty hard to move the pink ball foot kicker.","2026-05-08 12:12:17","S1_partial"
4,"5uyIzaQCFdVI","1: I confirm","1: I confirm","partial","S1","1_1",8,0,7,8,0.875,1,50,37,"2: female",NA,"2026-05-08 12:12:36","S1_partial"
4,"b8qM3kYHU9g3","1: I confirm","1: I confirm","partial","S1","1_1",8,24,8,8,1,1,0,31,"2: female",NA,"2026-05-08 12:13:08","S1_partial"
4,"qg2LsFjdHCNZ","1: I confirm","1: I confirm","partial","S1","1_1",8,100,8,8,1,1,100,29,"2: female","None","2026-05-08 12:13:10","S1_partial"
4,"He45ku91Hbz8","1: I confirm","1: I confirm","partial","S1","1_1",8,85,8,8,1,1,100,30,"2: female","N/A","2026-05-08 12:22:19","S1_partial"
4,"C5tOnH56jCm6","1: I confirm","1: I confirm","partial","S1","1_1",8,68,8,8,1,1,76,47,"1: male",NA,"2026-05-08 12:26:11","S1_partial"
4,"BKxLc2drpHvp","1: I confirm","1: I confirm","partial","S1","1_1",8,88,8,8,1,1,50,24,"2: female",NA,"2026-05-08 12:34:03","S1_partial"
4,"CUjSmoqNY3sV","1: I confirm","1: I confirm","partial","S1","1_1",8,100,8,8,1,1,51,34,"2: female",NA,"2026-05-08 12:34:09","S1_partial"
4,"Z5TqWwm76IlQ","1: I confirm","1: I confirm","partial","S1","1_1",8,100,8,8,1,1,100,29,"1: male","No issues, all looked as expected.","2026-05-08 12:37:20","S1_partial"
4,"2ZcevsOUv34t","1: I confirm","1: I confirm","partial","S1","1_1",8,0,8,8,1,1,54,20,"1: male",NA,"2026-05-08 13:03:36","S1_partial"
4,"TiBbNNyTU00K","1: I confirm","1: I confirm","partial","S1","1_1",8,92,8,8,1,1,82,21,"2: female",NA,"2026-05-08 13:03:48","S1_partial"
4,"JL9ixWryF0DQ","1: I confirm","1: I confirm","partial","S1","1_1",8,93,8,8,1,1,77,51,"2: female",NA,"2026-05-08 13:03:55","S1_partial"
4,"fYPP2NQgCQdY","1: I confirm","1: I confirm","partial","S1","1_1",8,0,7,7,0.875,0.875,0,30,"2: female",NA,"2026-05-08 13:03:59","S1_partial"
4,"oFRFfFctYQAa","1: I confirm","1: I confirm","partial","S1","1_1",8,88,8,8,1,1,63,29,"2: female",NA,"2026-05-08 13:05:14","S1_partial"
4,"oeQGJbYs0jmz","1: I confirm","1: I confirm","partial","S1","1_1",8,50,8,8,1,1,0,34,"3: non-binary",NA,"2026-05-08 13:34:47","S1_partial"
4,"3xv4M7b0uLft","1: I confirm","1: I confirm","partial","S1","1_1",8,82,6,7,0.75,0.875,60,29,"1: male","None","2026-05-08 13:34:53","S1_partial"
4,"DyI8adebPB5E","1: I confirm","1: I confirm","partial","S1","1_1",8,85,8,8,1,1,82,36,"2: female","No","2026-05-08 13:35:03","S1_partial"
4,"KvuoVG0Gd54T","1: I confirm","1: I confirm","partial","S1","1_1",8,98,8,8,1,1,98,68,"1: male","none","2026-05-08 13:35:09","S1_partial"
4,"zJoyPHwTX3qp","1: I confirm","1: I confirm","partial","S1","1_1",8,100,8,8,1,1,100,24,"2: female",NA,"2026-05-08 13:35:16","S1_partial"
4,"yZfCgKd7C24g","1: I confirm","1: I confirm","partial","S1","1_1",8,70,8,8,1,1,20,33,"2: female",NA,"2026-05-08 14:19:11","S1_partial"
4,"l92r9D5wj3g5","1: I confirm","1: I confirm","partial","S1","1_1",8,95,8,8,1,1,100,27,"1: male",NA,"2026-05-08 14:19:29","S1_partial"
4,"IlnMgTN7jeoW","1: I confirm","1: I confirm","partial","S1","1_1",8,92,8,8,1,1,100,20,"2: female","Thank you","2026-05-08 14:19:37","S1_partial"
4,"DQ5Cb8BsXklm","1: I confirm","1: I confirm","partial","S1","1_1",8,66,8,8,1,1,66,56,"2: female",NA,"2026-05-08 14:19:41","S1_partial"
4,"5twOOhqG3Va5","1: I confirm","1: I confirm","partial","S1","1_1",8,50,8,8,1,1,0,33,"1: male",NA,"2026-05-08 14:19:46","S1_partial"
4,"DSbcr54Z4ZFB","1: I confirm","1: I confirm","partial","S1","1_1",8,100,8,8,1,1,50,50,"1: male",NA,"2026-05-08 15:50:59","S1_partial"
4,"yaODDysixzWt","1: I confirm","1: I confirm","partial","S1","1_1",8,34,8,8,1,1,49,54,"2: female","none","2026-05-08 15:51:19","S1_partial"
4,"6yu6y7669b9S","1: I confirm","1: I confirm","partial","S1","1_1",8,94,7,8,0.875,1,49,50,"2: female",NA,"2026-05-08 15:51:27","S1_partial"
4,"BvKdQc6seXW3","1: I confirm","1: I confirm","partial","S1","1_1",8,93,8,8,1,1,100,34,"1: male","none","2026-05-08 15:58:28","S1_partial"
4,"OFGrkSxesxAy","1: I confirm","1: I confirm","partial","S1","1_1",8,80,8,8,1,1,50,32,"2: female","None","2026-05-08 16:06:46","S1_partial"
4,"fJlvsKo2PgjP","1: I confirm","1: I confirm","partial","S1","1_1",8,77,8,8,1,1,50,26,"1: male",NA,"2026-05-08 16:07:24","S1_partial"
4,"JSYQ7exyyrZ8","1: I confirm","1: I confirm","partial","S1","1_1",8,67,8,8,1,1,85,19,"2: female",NA,"2026-05-09 06:12:29","S1_partial"
4,"vVtj2E1mMCHB","1: I confirm","1: I confirm","partial","S1","1_1",8,51,8,8,1,1,45,48,"1: male","no issues","2026-05-09 06:12:29","S1_partial"
4,"zvpir3vS4tie","1: I confirm","1: I confirm","partial","S1","1_1",8,73,8,7,1,0.875,88,45,"2: female",NA,"2026-05-09 06:12:35","S1_partial"
4,"PMHjwsamA1NL","1: I confirm","1: I confirm","partial","S1","1_1",8,75,8,8,1,1,100,27,"2: female",NA,"2026-05-09 06:12:37","S1_partial"
4,"5nw05Le4hej9","1: I confirm","1: I confirm","partial","S1","1_1",8,99,8,8,1,1,100,42,"2: female",NA,"2026-05-09 06:12:42","S1_partial"
4,"ulcpQhZvw2Dv","1: I confirm","1: I confirm","partial","S1","1_1",8,87,8,8,1,1,87,21,"2: female",NA,"2026-05-09 06:12:43","S1_partial"
4,"HeYyMJGvpORN","1: I confirm","1: I confirm","partial","S1","1_1",8,100,8,8,1,1,50,26,"1: male",NA,"2026-05-09 06:12:57","S1_partial"
4,"DtedSysZ514S","1: I confirm","1: I confirm","partial","S1","1_1",8,98,8,8,1,1,50,48,"2: female",NA,"2026-05-09 07:39:56","S1_partial"
4,"soXEcZFcYRSV","1: I confirm","1: I confirm","partial","S1","1_1",8,96,8,8,1,1,100,38,"1: male","I didnt had any error.","2026-05-09 07:40:07","S1_partial"
4,"o1IyMTSUzKEw","1: I confirm","1: I confirm","partial","S1","1_1",8,100,8,8,1,1,100,40,"1: male","no errors","2026-05-09 07:41:24","S1_partial"
4,"4hQgTNdDsQlf","1: I confirm","1: I confirm","partial","S1","1_1",8,0,3,7,0.375,0.875,100,57,"2: female",NA,"2026-05-08 12:26:39","S1_partial"
6,"4snrjFPxckvy","1: I confirm","1: I confirm","full","S1","05_05",8,78,2,1,0.25,0.125,79,28,"1: male",NA,"2026-05-08 11:25:22","S1_full"
1,"5bOxvNzuMtbu","1: I confirm","1: I confirm","full","S0","1_1",8,66,8,4,1,0.5,71,38,"1: male","Thank You","2026-05-08 11:26:20","S0_full"
4,"5l1TEqHi5ey3","1: I confirm","1: I confirm","partial","S1","1_1",8,81,4,8,0.5,1,89,64,"1: male",NA,"2026-05-08 16:06:54","S1_partial"
1,"5wAwiKOptk34","1: I confirm","1: I confirm","full","S0","1_1",8,50,5,8,0.625,1,50,45,"2: female","None, I just didn't really understand whether the yellow ball was moving or not until I was about halfway through the examples. ","2026-05-08 12:26:24","S0_full"
2,"94KZtj1mJY1B","1: I confirm","1: I confirm","partial","S0","1_1",8,75,2,2,0.25,0.25,67,54,"2: female","None","2026-05-08 15:53:44","S0_partial"
5,"9yu4LldnZzbf","1: I confirm","1: I confirm","partial","S1","05_05",8,60,3,6,0.375,0.75,78,28,"2: female",NA,"2026-05-09 17:15:58","S1_partial"
7,"AWy0JsaGA7Kw","1: I confirm","1: I confirm","partial","S0","05_05",8,0,8,5,1,0.625,50,32,"2: female","no errors","2026-05-08 14:19:32","S0_partial"
6,"B824BiQnhOJu","1: I confirm","1: I confirm","full","S1","05_05",8,77,0,0,0,0,87,28,"1: male","nil","2026-05-08 12:26:13","S1_full"
4,"CiSyYMjoQQx7","1: I confirm","1: I confirm","partial","S1","1_1",8,100,4,3,0.5,0.375,100,38,"2: female","The questions were repeated over and over again so I'd say there are errors in the flow of the questionare. ","2026-05-08 11:13:42","S1_partial"
4,"EGwuyuo0k7vH","1: I confirm","1: I confirm","partial","S1","1_1",8,31,5,4,0.625,0.5,31,28,"2: female","non","2026-05-08 10:53:40","S1_partial"
3,"EPMosrgqHMDj","1: I confirm","1: I confirm","full","S1","1_1",8,85,4,6,0.5,0.75,16,22,"2: female","n/a","2026-05-08 12:25:54","S1_full"
1,"GjDwTptYd6wZ","1: I confirm","1: I confirm","full","S0","1_1",8,78,1,7,0.125,0.875,78,22,"2: female","No errors encountered 
The study is loaded good","2026-05-08 11:14:01","S0_full"
1,"JaOaD9A7mO0u","1: I confirm","1: I confirm","full","S0","1_1",8,0,3,8,0.375,1,0,26,"2: female",NA,"2026-05-08 12:27:06","S0_full"
3,"Jb2aOeVTdvgB","1: I confirm","1: I confirm","full","S1","1_1",8,5,0,8,0,1,1,48,"2: female",NA,"2026-05-08 14:19:48","S1_full"
4,"NQVkHup8WsOT","1: I confirm","1: I confirm","partial","S1","1_1",8,100,8,4,1,0.5,100,53,"2: female","There could be more clarity with the wording with asking ""which ball"" rolled. Or maybe that is the point, that one ball should have been chosen. ","2026-05-09 06:12:38","S1_partial"
5,"ObpjLh3Fijbq","1: I confirm","1: I confirm","partial","S1","05_05",8,52,4,4,0.5,0.5,51,59,"1: male",NA,"2026-05-08 11:13:23","S1_partial"
8,"On4HCHKetNs3","1: I confirm","1: I confirm","full","S0","05_05",8,6,8,5,1,0.625,2,21,"1: male","i had no technical issues, the flow and logic was clear.","2026-05-08 11:56:29","S0_full"
1,"P6vSj5IT8Apl","1: I confirm","1: I confirm","full","S0","1_1",8,73,7,4,0.875,0.5,69,32,"2: female",NA,"2026-05-08 13:35:43","S0_full"
3,"RbeqGxEvTTip","1: I confirm","1: I confirm","full","S1","1_1",8,68,3,0,0.375,0,27,54,"2: female",NA,"2026-05-08 11:25:34","S1_full"
8,"Rp8fBRLcvBVz","1: I confirm","1: I confirm","full","S0","05_05",8,0,5,7,0.625,0.875,0,51,"1: male",NA,"2026-05-08 15:51:18","S0_full"
1,"S8cRkiZIWjuc","1: I confirm","1: I confirm","full","S0","1_1",8,100,5,7,0.625,0.875,100,25,"2: female","There were no errors at all.","2026-05-08 11:55:22","S0_full"
2,"TBEr6BOwy59q","1: I confirm","1: I confirm","partial","S0","1_1",8,65,2,6,0.25,0.75,69,22,"1: male",NA,"2026-05-08 10:55:14","S0_partial"
5,"TCIHKgfXv4Fx","1: I confirm","1: I confirm","partial","S1","05_05",8,2,2,2,0.25,0.25,5,52,"1: male","no issues","2026-05-08 13:35:05","S1_partial"
1,"TIqKhCMA9pig","1: I confirm","1: I confirm","full","S0","1_1",8,100,1,7,0.125,0.875,100,35,"1: male","none","2026-05-08 12:12:37","S0_full"
7,"ThFV1L5tHkEc","1: I confirm","1: I confirm","partial","S0","05_05",8,0,7,5,0.875,0.625,0,49,"2: female",NA,"2026-05-08 13:35:06","S0_partial"
7,"YMvNP9Qgzf24","1: I confirm","1: I confirm","partial","S0","05_05",8,65,2,4,0.25,0.5,55,41,"1: male",NA,"2026-05-08 11:16:20","S0_partial"
1,"YjIfC685RLYy","1: I confirm","1: I confirm","full","S0","1_1",8,100,4,8,0.5,1,100,41,"2: female","Technical issue","2026-05-08 14:19:13","S0_full"
2,"ZfiULqZdSUCO","1: I confirm","1: I confirm","partial","S0","1_1",8,0,0,2,0,0.25,0,30,"2: female","no erros","2026-05-08 12:32:36","S0_partial"
3,"ZhuPEO0GTzKV","1: I confirm","1: I confirm","full","S1","1_1",8,91,4,5,0.5,0.625,91,23,"1: male",NA,"2026-05-08 13:06:17","S1_full"
8,"bBwl1rcn03k0","1: I confirm","1: I confirm","full","S0","05_05",8,83,4,8,0.5,1,1,22,"2: female",NA,"2026-05-08 11:14:00","S0_full"
8,"c3R97LhLeQn3","1: I confirm","1: I confirm","full","S0","05_05",8,85,7,3,0.875,0.375,0,19,"1: male","none","2026-05-08 11:55:22","S0_full"
4,"fTqNOzXTlKyi","1: I confirm","1: I confirm","partial","S1","1_1",8,100,1,8,0.125,1,100,38,"2: female",NA,"2026-05-08 15:58:43","S1_partial"
2,"gLsYpoxkwKK0","1: I confirm","1: I confirm","partial","S0","1_1",8,69,4,8,0.5,1,67,52,"2: female",NA,"2026-05-08 16:07:08","S0_partial"
6,"h6fY3mydppz4","1: I confirm","1: I confirm","full","S1","05_05",8,98,2,4,0.25,0.5,98,37,"2: female","no","2026-05-08 11:55:25","S1_full"
4,"hQD3B172Iu8n","1: I confirm","1: I confirm","partial","S1","1_1",8,94,5,8,0.625,1,94,35,"2: female","None","2026-05-08 16:07:05","S1_partial"
8,"ik18wLzgtCci","1: I confirm","1: I confirm","full","S0","05_05",8,22,4,7,0.5,0.875,100,24,"1: male","No errors","2026-05-08 12:26:46","S0_full"
3,"jkV58o2qsYXk","1: I confirm","1: I confirm","full","S1","1_1",8,95,3,7,0.375,0.875,50,42,"2: female","hard exercise to understand","2026-05-08 10:53:17","S1_full"
8,"nigUjAXDtkKJ","1: I confirm","1: I confirm","full","S0","05_05",8,64,4,8,0.5,1,84,29,"1: male","layout problems","2026-05-08 10:56:00","S0_full"
8,"pH1WctGDBb6G","1: I confirm","1: I confirm","full","S0","05_05",8,89,4,6,0.5,0.75,71,33,"1: male","no error","2026-05-08 11:13:40","S0_full"
6,"ruEng4WSlfBS","1: I confirm","1: I confirm","full","S1","05_05",8,39,0,2,0,0.25,38,38,"1: male","n0 issue","2026-05-08 11:25:47","S1_full"
1,"sTxFNtQA5hWZ","1: I confirm","1: I confirm","full","S0","1_1",8,59,6,5,0.75,0.625,35,30,"1: male",NA,"2026-05-08 11:13:14","S0_full"
4,"wgmjfQyOq3yG","1: I confirm","1: I confirm","partial","S1","1_1",8,95,4,8,0.5,1,100,26,"2: female","no errors!","2026-05-08 12:26:21","S1_partial"
3,"wo8pnKhsudL8","1: I confirm","1: I confirm","full","S1","1_1",8,90,4,8,0.5,1,80,36,"1: male","None","2026-05-08 11:13:56","S1_full"
2,"xHIuIFSyZm7g","1: I confirm","1: I confirm","partial","S0","1_1",8,1,4,8,0.5,1,2,38,"2: female","no issues","2026-05-08 12:34:21","S0_partial"
5,"xOjk1xc8BP8J","1: I confirm","1: I confirm","partial","S1","05_05",8,50,6,5,0.75,0.625,50,28,"1: male","none","2026-05-08 13:03:57","S1_partial"
8,"xwjsRf5YKnEc","1: I confirm","1: I confirm","full","S0","05_05",8,75,0,1,0,0.125,65,65,"2: female","Thanks for allowing me participate","2026-05-08 14:19:21","S0_full"
1,"ysmdc7VOmWdh","1: I confirm","1: I confirm","full","S0","1_1",8,70,5,8,0.625,1,83,22,"2: female","No issue","2026-05-08 13:35:04","S0_full"
3,"yw15ofwtwqgO","1: I confirm","1: I confirm","full","S1","1_1",8,60,5,6,0.625,0.75,57,42,"1: male",NA,"2026-05-08 12:15:17","S1_full"
4,"Y9OFGhvVrMMT","2: I do not confirm","1: I confirm","partial","S1","1_1",8,34,6,7,0.75,0.875,94,33,"2: female",NA,"2026-05-09 06:12:38","S1_partial"
