"condition","subj_code","desktop_conf","attent_conf","device_mechanism","contingency","query","rating_prior","learning_yellow_correct_total","learning_pink_correct_total","learning_yellow_accuracy","learning_pink_accuracy","rating_posterior","age","gender","tech_issues","recorded_at"
3,"YiIGKqQUEam1","1: I confirm","1: I confirm","opaque","05_05","strength",50,8,8,1,1,0,27,"2: female",NA,"2026-04-22 09:15:33"
3,"BOs5cjU37QOb","1: I confirm","1: I confirm","opaque","05_05","strength",50,6,7,0.75,0.875,0,21,"2: female",NA,"2026-04-22 09:15:57"
3,"YdgHnMXHYopt","1: I confirm","1: I confirm","opaque","05_05","strength",38,8,6,1,0.75,0,28,"1: male","no errors occured mate","2026-04-22 09:16:11"
3,"kBeA9AFHfEUP","1: I confirm","1: I confirm","opaque","05_05","strength",72,6,6,0.75,0.75,0,49,"2: female","Initially, I thought that the pink ball could roll because it has it's own trigger, so it wa shard to say whether it would roll. Then I changed my approach and considered whether the balls looked like they had rolled or not.","2026-04-22 09:41:43"
3,"kH29QVLaPNRV","1: I confirm","1: I confirm","opaque","05_05","strength",50,8,8,1,1,20,30,"3: non-binary",NA,"2026-04-22 09:42:08"
3,"1d4Eou1PT3tN","1: I confirm","1: I confirm","opaque","05_05","strength",68,6,8,0.75,1,77,63,"1: male","none","2026-04-22 09:42:26"
3,"QNOXzroedy66","1: I confirm","1: I confirm","opaque","05_05","strength",50,8,8,1,1,86,33,"3: non-binary",NA,"2026-04-22 09:44:06"
3,"ucoHqySgT4l3","1: I confirm","1: I confirm","opaque","05_05","strength",0,8,8,1,1,0,37,"1: male",NA,"2026-04-22 10:02:14"
3,"kZ6Y81bFPcNJ","1: I confirm","1: I confirm","opaque","05_05","strength",20,6,8,0.75,1,51,29,"1: male",NA,"2026-04-22 10:02:25"
3,"kWXyDSDzjc14","1: I confirm","1: I confirm","opaque","05_05","strength",61,8,8,1,1,63,30,"3: non-binary",NA,"2026-04-22 10:02:40"
3,"Aarfhu8YQAqq","1: I confirm","1: I confirm","opaque","05_05","strength",50,7,7,0.875,0.875,51,53,"2: female",NA,"2026-04-22 10:03:23"
3,"RVWfFF0dDRoL","1: I confirm","1: I confirm","opaque","05_05","strength",53,7,7,0.875,0.875,62,21,"1: male","no comment","2026-04-22 10:04:09"
3,"VP3Ld8y2Q2fj","1: I confirm","1: I confirm","opaque","05_05","strength",2,6,8,0.75,1,5,29,"2: female","Wasn't sure if only the pink ball being in the box mean't the yellow ball hadn't rolled? as in this case the yellow ball would be visible in the box rather than the yellow ball","2026-04-22 10:12:59"
3,"LsImlU5n8Wx1","1: I confirm","1: I confirm","opaque","05_05","strength",4,8,6,1,0.75,0,25,"1: male",NA,"2026-04-22 10:13:04"
3,"fjfKqELBx2rh","1: I confirm","1: I confirm","opaque","05_05","strength",20,8,8,1,1,0,23,"2: female","n/a.","2026-04-22 10:13:28"
3,"dI6UzPsWUPzv","1: I confirm","1: I confirm","opaque","05_05","strength",30,8,8,1,1,30,46,"2: female","na","2026-04-22 10:32:16"
3,"vWi3YBklRXRN","1: I confirm","1: I confirm","opaque","05_05","strength",25,8,8,1,1,30,26,"1: male","N/A","2026-04-22 10:32:53"
3,"B5i7bJUIkAJr","1: I confirm","1: I confirm","opaque","05_05","strength",58,8,8,1,1,62,28,"2: female",NA,"2026-04-22 10:33:01"
3,"OAWwI6WzKLhx","1: I confirm","1: I confirm","opaque","05_05","strength",16,8,8,1,1,0,29,"2: female","No problems","2026-04-22 10:33:21"
3,"NNeecq7kUOOs","1: I confirm","1: I confirm","opaque","05_05","strength",62,8,8,1,1,50,28,"2: female",NA,"2026-04-22 10:43:39"
3,"pKqMw48j2joM","1: I confirm","1: I confirm","opaque","05_05","strength",100,8,8,1,1,70,49,"1: male","Interesting, now I will sit here asking myself why!","2026-04-22 10:44:04"
3,"0fdfHijSGAmY","1: I confirm","1: I confirm","opaque","05_05","strength",50,8,8,1,1,82,72,"2: female","It was good.","2026-04-22 10:44:12"
3,"pZ5vY6NebJbS","1: I confirm","1: I confirm","opaque","05_05","strength",100,8,8,1,1,60,21,"1: male",NA,"2026-04-22 10:44:24"
3,"EW2Bqrb8wFML","1: I confirm","1: I confirm","opaque","05_05","strength",61,7,7,0.875,0.875,0,46,"2: female","I messed up at the beginning as didn't take note of the balls standing there. I know i messed up but understood by the end of it and enjoyed the task.","2026-04-22 10:53:06"
3,"s2IoYYCtuULW","1: I confirm","1: I confirm","opaque","05_05","strength",44,8,7,1,0.875,58,42,"1: male","-","2026-04-22 10:53:16"
3,"ImgpEuL8qHgT","1: I confirm","1: I confirm","opaque","05_05","strength",60,8,8,1,1,0,18,"1: male","No issues!","2026-04-22 10:53:41"
3,"R91hmloUaHnO","1: I confirm","1: I confirm","opaque","05_05","strength",49,8,8,1,1,0,37,"2: female",NA,"2026-04-22 10:53:45"
3,"DhW4B0djKmTN","1: I confirm","1: I confirm","opaque","05_05","strength",50,8,8,1,1,0,32,"2: female","none","2026-04-22 10:54:10"
3,"M2FlXujG6SAm","1: I confirm","1: I confirm","opaque","05_05","strength",28,8,8,1,1,0,67,"2: female","no errors","2026-04-22 10:56:00"
3,"h9jZ9HcZI33F","1: I confirm","1: I confirm","opaque","05_05","strength",94,7,7,0.875,0.875,91,34,"1: male",NA,"2026-04-22 11:02:34"
3,"9NJXEF8pyh6B","1: I confirm","1: I confirm","opaque","05_05","strength",51,8,7,1,0.875,78,30,"2: female",NA,"2026-04-22 11:02:42"
3,"t2BVIYQ0EQWP","1: I confirm","1: I confirm","opaque","05_05","strength",50,8,8,1,1,50,68,"1: male","Nothing to report.","2026-04-22 11:03:14"
3,"USazSUpyPmGU","1: I confirm","1: I confirm","opaque","05_05","strength",50,8,8,1,1,50,27,"2: female","No error","2026-04-22 11:03:33"
3,"qjOKGXgaeGoj","1: I confirm","1: I confirm","opaque","05_05","strength",50,8,8,1,1,50,24,"3: non-binary","None","2026-04-22 11:09:02"
3,"GYaOoFH3lh7V","1: I confirm","1: I confirm","opaque","05_05","strength",31,7,7,0.875,0.875,50,56,"2: female",NA,"2026-04-22 11:32:00"
3,"FmjM4ujmXvYA","1: I confirm","1: I confirm","opaque","05_05","strength",49,8,8,1,1,50,27,"2: female",NA,"2026-04-22 11:40:42"
3,"lJ28oomaCEwq","1: I confirm","1: I confirm","opaque","05_05","strength",0,8,8,1,1,0,25,"1: male","none","2026-04-22 11:41:03"
3,"0dGTl4rub3Ui","1: I confirm","1: I confirm","opaque","05_05","strength",89,8,8,1,1,35,20,"2: female",NA,"2026-04-22 11:41:39"
3,"xWPizZTWeDpl","1: I confirm","1: I confirm","opaque","05_05","strength",74,8,8,1,1,57,36,"1: male","No comments.","2026-04-22 11:41:54"
3,"udxP4Pqyubt3","1: I confirm","1: I confirm","opaque","05_05","strength",47,8,8,1,1,7,34,"1: male","nothing to report thank you","2026-04-22 11:47:21"
3,"fwZqJEBd4Zfe","1: I confirm","1: I confirm","opaque","05_05","strength",50,8,8,1,1,25,42,"1: male","none","2026-04-22 11:47:45"
3,"AA1fpco9u4zM","1: I confirm","1: I confirm","opaque","05_05","strength",70,6,8,0.75,1,50,22,"2: female",NA,"2026-04-22 11:47:56"
3,"W3g5NPyjcjPT","1: I confirm","1: I confirm","opaque","05_05","strength",25,8,8,1,1,35,49,"1: male","no errors","2026-04-22 11:49:28"
3,"SCs9nDQ3NZmn","1: I confirm","1: I confirm","opaque","05_05","strength",50,8,7,1,0.875,0,29,"2: female","NONE","2026-04-22 11:59:09"
3,"bdlURWcWFoGs","1: I confirm","1: I confirm","opaque","05_05","strength",100,8,8,1,1,87,70,"2: female",NA,"2026-04-22 11:59:30"
3,"oSDdXtYh3JV4","1: I confirm","1: I confirm","opaque","05_05","strength",75,8,8,1,1,70,54,"1: male",NA,"2026-04-22 11:59:38"
3,"nUNUedO3qytn","1: I confirm","1: I confirm","opaque","05_05","strength",50,8,8,1,1,15,21,"1: male",NA,"2026-04-22 11:59:53"
3,"9DbVjTItJUxs","1: I confirm","1: I confirm","opaque","05_05","strength",62,8,8,1,1,56,35,"2: female",NA,"2026-04-22 12:00:36"
3,"StcNH7FscNzn","1: I confirm","1: I confirm","opaque","05_05","strength",60,7,8,0.875,1,60,35,"1: male","no","2026-04-22 12:09:54"
3,"0A1BHoiIdrI1","1: I confirm","1: I confirm","opaque","05_05","strength",100,7,6,0.875,0.75,99,35,"2: female",NA,"2026-04-22 12:09:56"
3,"fkQaI0UIkWVv","1: I confirm","1: I confirm","opaque","05_05","strength",50,8,8,1,1,15,31,"1: male",NA,"2026-04-22 12:12:06"
3,"HVG7pkc6xLMr","1: I confirm","1: I confirm","opaque","05_05","strength",67,8,8,1,1,11,33,"1: male","n/a","2026-04-22 12:26:42"
3,"KRTW36o0D2ZU","1: I confirm","1: I confirm","opaque","05_05","strength",72,7,7,0.875,0.875,100,26,"1: male",NA,"2026-04-22 12:27:00"
3,"mX0kdV89VJ0T","1: I confirm","1: I confirm","opaque","05_05","strength",50,8,8,1,1,5,49,"2: female","I saw no errors.","2026-04-22 12:27:02"
3,"qPPGFlvVBY4G","1: I confirm","1: I confirm","opaque","05_05","strength",100,6,7,0.75,0.875,100,45,"2: female",NA,"2026-04-22 12:27:52"
3,"7st6qRrakNE4","1: I confirm","1: I confirm","opaque","05_05","strength",50,8,8,1,1,50,34,"2: female",NA,"2026-04-22 12:32:12"
3,"rdWFNbZJ3Voy","1: I confirm","1: I confirm","opaque","05_05","strength",0,8,8,1,1,0,40,"1: male","None","2026-04-22 15:11:07"
3,"HicxZWq2xBWG","1: I confirm","1: I confirm","opaque","05_05","strength",31,8,8,1,1,0,27,"1: male",NA,"2026-04-22 15:11:15"
3,"OLK4UVpQ7nei","1: I confirm","1: I confirm","opaque","05_05","strength",80,7,7,0.875,0.875,80,42,"2: female",NA,"2026-04-22 15:11:48"
3,"4HxUbUJhF49z","1: I confirm","1: I confirm","opaque","05_05","strength",50,8,8,1,1,0,27,"2: female","Not applicable","2026-04-22 15:11:52"
5,"ZwGUXh2gpZ0W","1: I confirm","1: I confirm","opaque","0_0","strength",0,8,8,1,1,0,30,"1: male","I did not have any errors.","2026-04-22 09:15:42"
5,"TlkJdp7APKAn","1: I confirm","1: I confirm","opaque","0_0","strength",53,7,7,0.875,0.875,10,20,"1: male","I did not find any errors.","2026-04-22 09:15:56"
5,"kTrPqZehMkiS","1: I confirm","1: I confirm","opaque","0_0","strength",19,8,8,1,1,86,22,"1: male","no errors","2026-04-22 09:16:07"
5,"5ZJDu6f8uW0K","1: I confirm","1: I confirm","opaque","0_0","strength",85,6,6,0.75,0.75,0,26,"2: female",NA,"2026-04-22 09:16:19"
5,"cEE9WPP6BU39","1: I confirm","1: I confirm","opaque","0_0","strength",0,8,7,1,0.875,0,48,"2: female",NA,"2026-04-22 09:41:30"
5,"JOPdnAEG9hMa","1: I confirm","1: I confirm","opaque","0_0","strength",49,8,8,1,1,16,21,"2: female",NA,"2026-04-22 09:42:07"
5,"Bkf5Ce2BT8L2","1: I confirm","1: I confirm","opaque","0_0","strength",73,7,7,0.875,0.875,10,29,"2: female",NA,"2026-04-22 10:02:36"
5,"mPDBv8RGGigZ","1: I confirm","1: I confirm","opaque","0_0","strength",52,8,8,1,1,30,42,"2: female","Na","2026-04-22 10:02:53"
5,"tMKbtkB3f6kf","1: I confirm","1: I confirm","opaque","0_0","strength",29,8,8,1,1,0,63,"2: female",NA,"2026-04-22 10:04:01"
5,"yeDYdoTW3rem","1: I confirm","1: I confirm","opaque","0_0","strength",49,7,8,0.875,1,5,59,"1: male",NA,"2026-04-22 10:14:54"
5,"236Ut4ioEamH","1: I confirm","1: I confirm","opaque","0_0","strength",60,8,7,1,0.875,70,34,"1: male","The flow was good. The survey was well structured.","2026-04-22 10:32:28"
5,"kpGvJoSzP6OE","1: I confirm","1: I confirm","opaque","0_0","strength",67,8,8,1,1,2,33,"2: female",NA,"2026-04-22 10:32:40"
5,"eswrLYq9wTjm","1: I confirm","1: I confirm","opaque","0_0","strength",1,8,8,1,1,0,20,"1: male",NA,"2026-04-22 10:33:11"
5,"bqYgQn3Lyrso","1: I confirm","1: I confirm","opaque","0_0","strength",100,8,8,1,1,0,20,"1: male",NA,"2026-04-22 10:36:17"
5,"6PSR3a7XGhvO","1: I confirm","1: I confirm","opaque","0_0","strength",0,8,8,1,1,0,41,"2: female",NA,"2026-04-22 10:44:20"
5,"5jh4iH8Hv43N","1: I confirm","1: I confirm","opaque","0_0","strength",0,8,8,1,1,0,31,"2: female",NA,"2026-04-22 10:46:01"
5,"1dIoaeR95zXO","1: I confirm","1: I confirm","opaque","0_0","strength",0,8,8,1,1,0,60,"1: male",NA,"2026-04-22 10:47:27"
5,"NfKxZZXsVmah","1: I confirm","1: I confirm","opaque","0_0","strength",58,8,8,1,1,0,36,"2: female","None that I saw","2026-04-22 10:53:30"
5,"kGfnJZAJwQot","1: I confirm","1: I confirm","opaque","0_0","strength",65,8,8,1,1,5,23,"1: male",NA,"2026-04-22 10:53:41"
5,"bmO2AEyk4s14","1: I confirm","1: I confirm","opaque","0_0","strength",100,7,7,0.875,0.875,50,27,"1: male",NA,"2026-04-22 10:53:49"
5,"jgKqOivxpdZf","1: I confirm","1: I confirm","opaque","0_0","strength",20,8,8,1,1,0,26,"2: female","There were no errors.","2026-04-22 10:54:06"
5,"1qwPMhpJOZYD","1: I confirm","1: I confirm","opaque","0_0","strength",100,6,6,0.75,0.75,50,35,"1: male","no error at all","2026-04-22 10:54:59"
5,"l0p4QSCOxALb","1: I confirm","1: I confirm","opaque","0_0","strength",100,8,7,1,0.875,100,31,"2: female","i didn't come across any error","2026-04-22 11:02:57"
5,"A2qh4MlDjrnK","1: I confirm","1: I confirm","opaque","0_0","strength",6,8,8,1,1,6,41,"2: female","N/A","2026-04-22 11:03:16"
5,"HxK6TJ1NRvzU","1: I confirm","1: I confirm","opaque","0_0","strength",0,8,8,1,1,89,41,"1: male","n/a","2026-04-22 11:09:08"
5,"QXtpuhcG3NjC","1: I confirm","1: I confirm","opaque","0_0","strength",41,7,6,0.875,0.75,62,50,"2: female","thank you for allowing me to participate ","2026-04-22 11:11:00"
5,"HAZ9L3I1vggc","1: I confirm","1: I confirm","opaque","0_0","strength",60,6,7,0.75,0.875,45,29,"1: male",NA,"2026-04-22 11:40:39"
5,"EerrLrV9CIRN","1: I confirm","1: I confirm","opaque","0_0","strength",50,8,8,1,1,15,31,"1: male",NA,"2026-04-22 11:41:18"
5,"9ZewxXcJS2BW","1: I confirm","1: I confirm","opaque","0_0","strength",92,8,6,1,0.75,89,68,"2: female",NA,"2026-04-22 11:41:21"
5,"S5Sru3hNmi9k","1: I confirm","1: I confirm","opaque","0_0","strength",25,8,8,1,1,0,42,"2: female","Nothing was any issues at all with the study, no problems with anything that was a part of the study.","2026-04-22 11:41:37"
5,"hHAzSOvcTNVJ","1: I confirm","1: I confirm","opaque","0_0","strength",0,8,8,1,1,0,62,"2: female","no problems","2026-04-22 11:47:27"
5,"UCzibuec14gs","1: I confirm","1: I confirm","opaque","0_0","strength",29,8,8,1,1,84,43,"1: male",NA,"2026-04-22 11:47:35"
5,"YOfkvL1moZYJ","1: I confirm","1: I confirm","opaque","0_0","strength",50,8,8,1,1,0,22,"1: male",NA,"2026-04-22 12:03:31"
5,"ghoUVPLTYNeY","1: I confirm","1: I confirm","opaque","0_0","strength",0,7,8,0.875,1,0,76,"2: female",NA,"2026-04-22 12:10:18"
5,"6Zf2eBsQWMdM","1: I confirm","1: I confirm","opaque","0_0","strength",50,7,8,0.875,1,50,34,"1: male","No errors during the study","2026-04-22 12:10:33"
5,"qIRYFtzwQtb1","1: I confirm","1: I confirm","opaque","0_0","strength",25,7,7,0.875,0.875,2,40,"2: female",NA,"2026-04-22 12:26:40"
5,"b3l0BX3hnNh1","1: I confirm","1: I confirm","opaque","0_0","strength",20,8,8,1,1,17,56,"1: male","no","2026-04-22 12:26:57"
5,"OJ25GVrCOTXq","1: I confirm","1: I confirm","opaque","0_0","strength",50,8,8,1,1,50,54,"1: male",NA,"2026-04-22 12:27:06"
5,"ECyA2HvC4YgF","1: I confirm","1: I confirm","opaque","0_0","strength",63,8,8,1,1,0,23,"3: non-binary","No errors were found!","2026-04-22 15:11:13"
5,"WVLrAc0CGdWL","1: I confirm","1: I confirm","opaque","0_0","strength",50,7,7,0.875,0.875,34,29,"2: female",NA,"2026-04-22 15:11:13"
5,"1DiY11B7viqg","1: I confirm","1: I confirm","opaque","0_0","strength",3,8,8,1,1,0,33,"2: female","none","2026-04-22 15:15:35"
5,"kvEVEYIGSN80","1: I confirm","1: I confirm","opaque","0_0","strength",78,8,8,1,1,78,19,"1: male",NA,"2026-04-23 05:59:44"
5,"lGLOUu6ghWJ5","1: I confirm","1: I confirm","opaque","0_0","strength",75,8,8,1,1,35,25,"2: female",NA,"2026-04-23 05:59:57"
5,"Koj240BNuZYN","1: I confirm","1: I confirm","opaque","0_0","strength",50,8,8,1,1,50,22,"2: female",NA,"2026-04-23 06:00:09"
5,"FkRLynGLYcLQ","1: I confirm","1: I confirm","opaque","0_0","strength",50,8,8,1,1,0,47,"1: male",NA,"2026-04-23 06:00:18"
5,"X38dW0JbWbsX","1: I confirm","1: I confirm","opaque","0_0","strength",66,7,7,0.875,0.875,0,30,"2: female","No errors but I did misunderstand the question the first time therefore assumed the pink rolled but the answer should be been the yellow did not roll and the pink did not roll for the first question.","2026-04-23 06:00:25"
5,"eugO22H7EKBy","1: I confirm","1: I confirm","opaque","0_0","strength",50,8,8,1,1,50,56,"2: female","I didn't notice any errors.  It just seemed strange that there were only 2 different slides:  one with the yellow ball and pink ball not moving, and one with the yellow ball moved and the pink ball stationary.  Since we never saw the internal workings of the machine, there was no way to determine how the pink ball MIGHT move, since it never moved anyway.","2026-04-23 06:00:27"
5,"p0s2VCmOPG9j","1: I confirm","1: I confirm","opaque","0_0","strength",68,8,8,1,1,0,29,"1: male",NA,"2026-04-23 06:00:31"
5,"Uoei5NQ5i2zP","1: I confirm","1: I confirm","opaque","0_0","strength",50,7,7,0.875,0.875,59,26,"2: female","No errors","2026-04-23 06:00:35"
5,"3XPqyimNzEYA","1: I confirm","1: I confirm","opaque","0_0","strength",40,8,8,1,1,40,59,"1: male",NA,"2026-04-23 06:00:36"
5,"AHEB7ZuSsOO8","1: I confirm","1: I confirm","opaque","0_0","strength",20,8,8,1,1,0,37,"1: male","The Logic behind the entire scenario. I was waiting to see the Pink ball roll at a point.","2026-04-23 06:00:37"
5,"h2JpiIlBr9ha","1: I confirm","1: I confirm","opaque","0_0","strength",100,8,8,1,1,0,20,"2: female",NA,"2026-04-23 06:00:41"
5,"MsRrYaqSXVsZ","1: I confirm","1: I confirm","opaque","0_0","strength",50,8,8,1,1,0,20,"2: female",NA,"2026-04-23 06:00:47"
5,"AuAJsCzuZLLv","1: I confirm","1: I confirm","opaque","0_0","strength",49,6,7,0.75,0.875,6,41,"1: male","no errors","2026-04-23 06:01:03"
5,"XuLwbV5poAvE","1: I confirm","1: I confirm","opaque","0_0","strength",80,8,7,1,0.875,100,52,"1: male","N?A","2026-04-23 06:02:07"
5,"h1yd43fZe8CN","1: I confirm","1: I confirm","opaque","0_0","strength",81,6,7,0.75,0.875,95,29,"2: female",NA,"2026-04-23 06:03:15"
5,"FPKZNj3Prfz1","1: I confirm","1: I confirm","opaque","0_0","strength",85,8,8,1,1,25,39,"2: female",NA,"2026-04-23 06:04:13"
5,"1vVFOA9VEiBb","1: I confirm","1: I confirm","opaque","0_0","strength",50,8,8,1,1,50,55,"2: female",NA,"2026-04-23 07:50:47"
5,"PtSGoqrWWDFr","1: I confirm","1: I confirm","opaque","0_0","strength",2,8,8,1,1,76,32,"2: female","no errors","2026-04-23 07:50:53"
5,"dTFeKUoxhqZV","1: I confirm","1: I confirm","opaque","0_0","strength",94,8,8,1,1,95,35,"1: male","The pink ball was suppose to roll as well but it didn't ","2026-04-23 07:50:58"
1,"zqLjzvpBrnf9","1: I confirm","1: I confirm","opaque","1_0","strength",13,8,8,1,1,50,41,"1: male",NA,"2026-04-22 09:15:29"
1,"bFzWWaqjT7zi","1: I confirm","1: I confirm","opaque","1_0","strength",100,8,8,1,1,100,21,"2: female","The were no errors","2026-04-22 09:15:50"
1,"fHtUuXmDysUm","1: I confirm","1: I confirm","opaque","1_0","strength",100,8,7,1,0.875,89,35,"2: female",NA,"2026-04-22 09:17:40"
1,"a3VLcdq948DR","1: I confirm","1: I confirm","opaque","1_0","strength",82,8,8,1,1,100,41,"2: female",NA,"2026-04-22 09:42:25"
1,"mCXtxrFCkGKx","1: I confirm","1: I confirm","opaque","1_0","strength",50,7,7,0.875,0.875,50,53,"2: female",NA,"2026-04-22 09:42:34"
1,"MDTu9Bjo0VUt","1: I confirm","1: I confirm","opaque","1_0","strength",60,8,8,1,1,80,38,"2: female",NA,"2026-04-22 09:47:00"
1,"Bpb4EqNQZB5f","1: I confirm","1: I confirm","opaque","1_0","strength",50,8,8,1,1,100,27,"2: female",NA,"2026-04-22 10:01:59"
1,"SgtqtFCARbrg","1: I confirm","1: I confirm","opaque","1_0","strength",0,8,8,1,1,68,42,"2: female","none","2026-04-22 10:02:31"
1,"7P1FCGcASord","1: I confirm","1: I confirm","opaque","1_0","strength",70,8,8,1,1,100,32,"2: female","Thank you for the study! I had no technical issues and everything was easy to understand.","2026-04-22 10:02:49"
1,"vXU2BGGDTwSb","1: I confirm","1: I confirm","opaque","1_0","strength",29,8,8,1,1,1,34,"1: male",NA,"2026-04-22 10:12:55"
1,"A0VvOLo9SrZY","1: I confirm","1: I confirm","opaque","1_0","strength",55,8,7,1,0.875,100,50,"2: female",NA,"2026-04-22 10:13:03"
1,"ipwOhQwOmyXZ","1: I confirm","1: I confirm","opaque","1_0","strength",100,7,7,0.875,0.875,100,31,"2: female",NA,"2026-04-22 10:13:17"
1,"9Dbq3wV1mEyq","1: I confirm","1: I confirm","opaque","1_0","strength",50,8,8,1,1,87,41,"3: non-binary",NA,"2026-04-22 10:32:15"
1,"UaFgFNmOpFFS","1: I confirm","1: I confirm","opaque","1_0","strength",0,8,8,1,1,100,50,"1: male",NA,"2026-04-22 10:32:36"
1,"ahDPorBh7jHW","1: I confirm","1: I confirm","opaque","1_0","strength",90,7,8,0.875,1,80,24,"2: female",NA,"2026-04-22 10:32:53"
1,"4YuKaxYgFf5D","1: I confirm","1: I confirm","opaque","1_0","strength",0,8,8,1,1,0,23,"2: female","No errors to my knowledge or at least no visible errors or issues.","2026-04-22 10:33:07"
1,"2ip8rS5qgpTn","1: I confirm","1: I confirm","opaque","1_0","strength",100,8,8,1,1,100,28,"2: female",NA,"2026-04-22 10:34:33"
1,"NweGUgp9eX5X","1: I confirm","1: I confirm","opaque","1_0","strength",50,8,8,1,1,50,36,"1: male",NA,"2026-04-22 10:35:15"
1,"OJtsNEiLL1Ld","1: I confirm","1: I confirm","opaque","1_0","strength",20,8,8,1,1,25,43,"1: male",NA,"2026-04-22 10:43:40"
1,"wZy6ukSQK6sh","1: I confirm","1: I confirm","opaque","1_0","strength",9,8,8,1,1,96,33,"2: female",NA,"2026-04-22 10:43:47"
1,"5Dsgs4Xlup5R","1: I confirm","1: I confirm","opaque","1_0","strength",9,8,8,1,1,7,28,"1: male",NA,"2026-04-22 10:44:07"
1,"cvqkWnO2Upuf","1: I confirm","1: I confirm","opaque","1_0","strength",85,8,8,1,1,91,46,"1: male","none","2026-04-22 10:48:32"
1,"jGTSzwnzUp9v","1: I confirm","1: I confirm","opaque","1_0","strength",62,7,8,0.875,1,100,32,"2: female","For a round I thought that because only the pink ball could be seen in the box only the pink ball rolled, but I decided that since the yellow ball wasn't visible they both must have rolled.","2026-04-22 10:53:30"
1,"xNnQNr1Qt4oo","1: I confirm","1: I confirm","opaque","1_0","strength",50,8,8,1,1,50,35,"2: female",NA,"2026-04-22 10:54:05"
1,"N3ymY8XYFZwJ","1: I confirm","1: I confirm","opaque","1_0","strength",100,8,8,1,1,100,53,"1: male","None","2026-04-22 10:54:08"
1,"cHc3Ib1WPJes","1: I confirm","1: I confirm","opaque","1_0","strength",12,8,8,1,1,100,30,"2: female",NA,"2026-04-22 11:02:22"
1,"FuFAjb6KBXns","1: I confirm","1: I confirm","opaque","1_0","strength",100,8,8,1,1,100,44,"2: female","Every time the pink ball was in the goal I assumed it was as a result of the yellow ball hitting it and moving it - despite not having visual of the yellow ball.","2026-04-22 11:02:43"
1,"MeraTzsef7ns","1: I confirm","1: I confirm","opaque","1_0","strength",40,8,8,1,1,50,43,"1: male",NA,"2026-04-22 11:03:15"
1,"RUMnibEmftCh","1: I confirm","1: I confirm","opaque","1_0","strength",62,8,8,1,1,50,24,"1: male","Repetition errors","2026-04-22 11:08:19"
1,"qoanUMyhbZYi","1: I confirm","1: I confirm","opaque","1_0","strength",25,8,8,1,1,83,18,"2: female",NA,"2026-04-22 11:08:23"
1,"ABL8tdsHUwyx","1: I confirm","1: I confirm","opaque","1_0","strength",69,8,7,1,0.875,73,39,"1: male","n/a","2026-04-22 11:08:41"
1,"KCYDgjbw4Qv9","1: I confirm","1: I confirm","opaque","1_0","strength",10,8,8,1,1,8,41,"1: male",NA,"2026-04-22 11:10:36"
1,"X7vWybJfxzw1","1: I confirm","1: I confirm","opaque","1_0","strength",50,8,8,1,1,100,22,"1: male",NA,"2026-04-22 11:41:20"
1,"LQaf7YCXXX3W","1: I confirm","1: I confirm","opaque","1_0","strength",79,8,8,1,1,100,32,"1: male",NA,"2026-04-22 11:41:31"
1,"GsAb9jANBbTu","1: I confirm","1: I confirm","opaque","1_0","strength",17,8,8,1,1,54,35,"2: female","I encountered no technical challenge but my understanding of the instruction is not what I saw play out while I did the test/study but I did it to the best of my understanding. I say that because I expected some deep thinking but the answers were clear as day most times.","2026-04-22 11:44:37"
1,"XosG9YZhIRp7","1: I confirm","1: I confirm","opaque","1_0","strength",73,8,8,1,1,76,33,"2: female",NA,"2026-04-22 11:47:51"
1,"wsuU1aVdoTHb","1: I confirm","1: I confirm","opaque","1_0","strength",73,8,8,1,1,100,34,"2: female",NA,"2026-04-22 12:10:46"
1,"WP2AywNwd9eL","1: I confirm","1: I confirm","opaque","1_0","strength",50,7,7,0.875,0.875,50,40,"1: male",NA,"2026-04-22 12:10:53"
1,"0UMUDwmMK5go","1: I confirm","1: I confirm","opaque","1_0","strength",0,8,8,1,1,0,56,"1: male","Not aware of any errors thanks.","2026-04-22 12:26:26"
1,"zYIBSrI9aPYr","1: I confirm","1: I confirm","opaque","1_0","strength",56,8,8,1,1,82,30,"2: female","no","2026-04-22 12:26:54"
1,"S3qbIWroSav9","1: I confirm","1: I confirm","opaque","1_0","strength",10,8,8,1,1,80,46,"2: female","n/a","2026-04-22 12:57:13"
1,"B1gNWVZdqbHP","1: I confirm","1: I confirm","opaque","1_0","strength",4,6,8,0.75,1,4,59,"1: male","questions appeared to be repeated","2026-04-22 15:11:16"
1,"MK0IkIo58g7N","1: I confirm","1: I confirm","opaque","1_0","strength",26,8,8,1,1,43,29,"1: male",NA,"2026-04-22 15:11:20"
1,"9cnr2skvrYgy","1: I confirm","1: I confirm","opaque","1_0","strength",99,8,8,1,1,100,68,"2: female","none","2026-04-22 15:11:59"
1,"pgJWRQhP2QAN","1: I confirm","1: I confirm","opaque","1_0","strength",73,7,8,0.875,1,80,50,"2: female",NA,"2026-04-22 16:31:38"
1,"9xRhszNSisRM","1: I confirm","1: I confirm","opaque","1_0","strength",50,8,8,1,1,50,45,"2: female",NA,"2026-04-22 16:31:39"
1,"8mpuEc7Nvbip","1: I confirm","1: I confirm","opaque","1_0","strength",0,8,8,1,1,100,27,"1: male",NA,"2026-04-22 16:31:40"
1,"pbKe2FZT5U55","1: I confirm","1: I confirm","opaque","1_0","strength",0,8,8,1,1,50,23,"1: male",NA,"2026-04-22 16:31:41"
1,"zKhSjmo97BB9","1: I confirm","1: I confirm","opaque","1_0","strength",37,8,8,1,1,50,30,"1: male",NA,"2026-04-22 16:31:47"
1,"Hh23eoA5KVJz","1: I confirm","1: I confirm","opaque","1_0","strength",5,8,8,1,1,5,41,"1: male",NA,"2026-04-22 16:31:51"
1,"8xPO1J92gwMv","1: I confirm","1: I confirm","opaque","1_0","strength",100,8,8,1,1,100,48,"1: male","none","2026-04-22 16:31:53"
1,"9qEkTXfPCUDK","1: I confirm","1: I confirm","opaque","1_0","strength",75,8,8,1,1,100,31,"2: female","no","2026-04-22 16:31:54"
1,"MgNOsKqeL3SO","1: I confirm","1: I confirm","opaque","1_0","strength",50,8,8,1,1,50,47,"2: female",NA,"2026-04-22 16:31:55"
1,"x8uiy7bO78DP","1: I confirm","1: I confirm","opaque","1_0","strength",25,8,8,1,1,100,32,"2: female","None","2026-04-22 16:31:59"
1,"ZA6xEzBMzdVI","1: I confirm","1: I confirm","opaque","1_0","strength",100,7,8,0.875,1,73,35,"2: female","n/a","2026-04-22 16:32:00"
1,"8lOPKzsF2SQW","1: I confirm","1: I confirm","opaque","1_0","strength",19,8,8,1,1,35,22,"2: female",NA,"2026-04-22 16:32:27"
1,"hVflofZaZqQA","1: I confirm","1: I confirm","opaque","1_0","strength",14,8,8,1,1,29,47,"2: female","None","2026-04-22 16:34:15"
1,"STKriBixPgGc","1: I confirm","1: I confirm","opaque","1_0","strength",2,8,8,1,1,8,34,"2: female","none","2026-04-22 16:35:12"
1,"nLij29x22IBC","1: I confirm","1: I confirm","opaque","1_0","strength",0,8,8,1,1,0,28,"2: female","everything worked perfectly","2026-04-22 16:38:12"
1,"S3IYihAKTLXk","1: I confirm","1: I confirm","opaque","1_0","strength",100,7,7,0.875,0.875,55,48,"1: male","na","2026-04-23 12:36:25"
7,"EtC5WAE9lv0B","1: I confirm","1: I confirm","opaque","1_1","strength",10,8,8,1,1,20,22,"2: female",NA,"2026-04-22 09:15:27"
7,"kVWP5whaedDE","1: I confirm","1: I confirm","opaque","1_1","strength",0,8,8,1,1,0,58,"2: female","None","2026-04-22 09:15:38"
7,"5QgJUfK9ccuK","1: I confirm","1: I confirm","opaque","1_1","strength",100,7,8,0.875,1,98,32,"2: female",NA,"2026-04-22 09:15:49"
7,"Bw7AHwAtl1Yx","1: I confirm","1: I confirm","opaque","1_1","strength",50,8,8,1,1,40,43,"2: female",NA,"2026-04-22 09:16:12"
7,"xGNphhurRDG6","1: I confirm","1: I confirm","opaque","1_1","strength",39,6,7,0.75,0.875,57,24,"1: male",NA,"2026-04-22 09:17:59"
7,"Xf0mCazeDCgw","1: I confirm","1: I confirm","opaque","1_1","strength",70,8,8,1,1,69,41,"1: male",NA,"2026-04-22 09:41:35"
7,"SXoVjadj0LyZ","1: I confirm","1: I confirm","opaque","1_1","strength",62,8,8,1,1,78,33,"1: male",NA,"2026-04-22 09:42:05"
7,"U7E4ChoZVLqo","1: I confirm","1: I confirm","opaque","1_1","strength",79,8,7,1,0.875,63,26,"1: male","No errors.","2026-04-22 09:42:28"
7,"lXke1S7phkhD","1: I confirm","1: I confirm","opaque","1_1","strength",0,8,8,1,1,50,48,"2: female","None","2026-04-22 09:42:43"
7,"DGhTF85WJLqf","1: I confirm","1: I confirm","opaque","1_1","strength",69,8,8,1,1,90,25,"2: female",NA,"2026-04-22 10:01:50"
7,"dBjoIaMtBwvX","1: I confirm","1: I confirm","opaque","1_1","strength",0,8,8,1,1,100,31,"1: male",NA,"2026-04-22 10:02:21"
7,"ZkNUz1NCyB9I","1: I confirm","1: I confirm","opaque","1_1","strength",50,8,8,1,1,97,47,"2: female","Everything displayed correctly.","2026-04-22 10:02:40"
7,"fElUokhYVzED","1: I confirm","1: I confirm","opaque","1_1","strength",75,7,8,0.875,1,85,62,"2: female","None","2026-04-22 10:02:53"
7,"jsRqbPViotIr","1: I confirm","1: I confirm","opaque","1_1","strength",50,7,8,0.875,1,36,21,"2: female","No not that I noticed ","2026-04-22 10:03:31"
7,"xc8b63BhROwI","1: I confirm","1: I confirm","opaque","1_1","strength",80,8,8,1,1,85,49,"2: female","none","2026-04-22 10:12:33"
7,"glIl2Ju3v0iK","1: I confirm","1: I confirm","opaque","1_1","strength",0,8,8,1,1,0,42,"1: male",NA,"2026-04-22 10:13:04"
7,"Jlse9wQeYeoN","1: I confirm","1: I confirm","opaque","1_1","strength",50,8,8,1,1,75,63,"2: female","N/A","2026-04-22 10:13:24"
7,"Fy4fAuj10tCn","1: I confirm","1: I confirm","opaque","1_1","strength",40,8,8,1,1,18,26,"2: female",NA,"2026-04-22 10:13:38"
7,"YRDRkaLbYEMk","1: I confirm","1: I confirm","opaque","1_1","strength",0,8,8,1,1,50,46,"1: male","N/A","2026-04-22 10:14:51"
7,"74VhQXCPBBxB","1: I confirm","1: I confirm","opaque","1_1","strength",17,8,8,1,1,5,23,"1: male",NA,"2026-04-22 10:31:58"
7,"Yn4V7t0B96XN","1: I confirm","1: I confirm","opaque","1_1","strength",0,8,8,1,1,0,27,"1: male","No issue","2026-04-22 10:32:28"
7,"0i81EiL8IfGz","1: I confirm","1: I confirm","opaque","1_1","strength",50,8,8,1,1,50,31,"1: male",NA,"2026-04-22 10:32:41"
7,"amLob6gRYd8q","1: I confirm","1: I confirm","opaque","1_1","strength",0,7,8,0.875,1,50,28,"1: male",NA,"2026-04-22 10:43:30"
7,"Nyg7yNgyjSgc","1: I confirm","1: I confirm","opaque","1_1","strength",51,8,8,1,1,2,31,"1: male","none","2026-04-22 10:43:55"
7,"ChGC8LOWdyLk","1: I confirm","1: I confirm","opaque","1_1","strength",50,8,8,1,1,0,46,"2: female",NA,"2026-04-22 10:44:13"
7,"LyqUXwtZ1tui","1: I confirm","1: I confirm","opaque","1_1","strength",0,8,8,1,1,100,25,"2: female","No errors encountered ","2026-04-22 10:44:42"
7,"Exs0PjbNNI3G","1: I confirm","1: I confirm","opaque","1_1","strength",13,7,8,0.875,1,54,24,"1: male",NA,"2026-04-22 10:53:23"
7,"kfE2dhtXHbtl","1: I confirm","1: I confirm","opaque","1_1","strength",50,8,8,1,1,40,64,"2: female","nothing to report","2026-04-22 10:53:33"
7,"eaWfuexSeHfN","1: I confirm","1: I confirm","opaque","1_1","strength",84,8,8,1,1,28,24,"1: male","No issue","2026-04-22 10:53:55"
7,"gsDPVEZNCOPH","1: I confirm","1: I confirm","opaque","1_1","strength",39,8,8,1,1,72,73,"2: female","none","2026-04-22 10:54:30"
7,"WbspUaMABsrQ","1: I confirm","1: I confirm","opaque","1_1","strength",50,8,8,1,1,23,61,"1: male","all good","2026-04-22 10:55:07"
7,"9qTRwfv2GZ9U","1: I confirm","1: I confirm","opaque","1_1","strength",87,8,8,1,1,100,33,"1: male",NA,"2026-04-22 11:05:37"
7,"gf8jVC6NuvlZ","1: I confirm","1: I confirm","opaque","1_1","strength",40,8,8,1,1,34,31,"2: female","The start and end image looked identical, even though the end image said the internal was covered?","2026-04-22 11:06:12"
7,"pzb0D9BPqgOT","1: I confirm","1: I confirm","opaque","1_1","strength",11,8,8,1,1,33,37,"2: female",NA,"2026-04-22 11:41:32"
7,"rWum0UvK5I7Z","1: I confirm","1: I confirm","opaque","1_1","strength",80,8,8,1,1,80,39,"1: male",NA,"2026-04-22 11:41:34"
7,"QRK2W6CuM6eU","1: I confirm","1: I confirm","opaque","1_1","strength",44,8,8,1,1,21,19,"2: female","I think that it doesn't matter if the yellow ball rolls or not, the pink ball will always roll. Because it doesn't make sense how sometimes the yellow rolls and sometimes it doesn't but the pink ball always rolls.","2026-04-22 11:43:15"
7,"V9ggNhDbkpyr","1: I confirm","1: I confirm","opaque","1_1","strength",3,8,8,1,1,2,75,"1: male","Interesting study, thanks!","2026-04-22 11:47:44"
7,"Op50KE3oFRSB","1: I confirm","1: I confirm","opaque","1_1","strength",1,8,8,1,1,50,21,"1: male",NA,"2026-04-22 11:48:02"
7,"u8EsCdR8EPKV","1: I confirm","1: I confirm","opaque","1_1","strength",5,8,8,1,1,6,48,"2: female",NA,"2026-04-22 11:48:21"
7,"fuoqOF1yrhWF","1: I confirm","1: I confirm","opaque","1_1","strength",50,8,8,1,1,50,27,"3: non-binary",NA,"2026-04-22 11:59:25"
7,"OXLADgucLzli","1: I confirm","1: I confirm","opaque","1_1","strength",0,8,8,1,1,0,32,"1: male",NA,"2026-04-22 11:59:35"
7,"k9kSXNndyees","1: I confirm","1: I confirm","opaque","1_1","strength",78,8,8,1,1,100,28,"1: male","nothing","2026-04-22 11:59:39"
7,"2a6L7S1ipod5","1: I confirm","1: I confirm","opaque","1_1","strength",31,8,7,1,0.875,45,58,"1: male",NA,"2026-04-22 11:59:47"
7,"Bpw4lqecga5Q","1: I confirm","1: I confirm","opaque","1_1","strength",50,8,8,1,1,50,46,"2: female",NA,"2026-04-22 12:10:01"
7,"XFdbPISEVy4P","1: I confirm","1: I confirm","opaque","1_1","strength",0,8,8,1,1,100,65,"1: male",NA,"2026-04-22 12:10:14"
7,"TsnSlEf3ErgN","1: I confirm","1: I confirm","opaque","1_1","strength",50,8,8,1,1,50,41,"1: male",NA,"2026-04-22 12:10:25"
7,"iGNMS6bceAYF","1: I confirm","1: I confirm","opaque","1_1","strength",50,8,8,1,1,50,26,"2: female",NA,"2026-04-22 12:15:42"
7,"73yko3Bm0dMl","1: I confirm","1: I confirm","opaque","1_1","strength",52,8,8,1,1,71,28,"2: female",NA,"2026-04-22 12:26:24"
7,"lQOqZ09CrqQC","1: I confirm","1: I confirm","opaque","1_1","strength",91,7,8,0.875,1,98,43,"2: female","NO TECHNICAL ISSUE","2026-04-22 12:27:05"
7,"LBruiOeJKo49","1: I confirm","1: I confirm","opaque","1_1","strength",65,8,8,1,1,50,44,"2: female",NA,"2026-04-22 12:27:19"
7,"Py5Jt1783dKu","1: I confirm","1: I confirm","opaque","1_1","strength",60,8,8,1,1,39,47,"1: male",NA,"2026-04-22 15:11:12"
7,"NEPbfCUBxUNP","1: I confirm","1: I confirm","opaque","1_1","strength",50,8,8,1,1,0,57,"2: female",NA,"2026-04-22 15:11:20"
7,"D6IeLiuyWAax","1: I confirm","1: I confirm","opaque","1_1","strength",50,8,8,1,1,50,21,"1: male",NA,"2026-04-22 15:11:30"
7,"ssnplAimT1N4","1: I confirm","1: I confirm","opaque","1_1","strength",95,8,7,1,0.875,84,18,"2: female",NA,"2026-04-22 15:18:28"
7,"1ngwScI6NRuO","1: I confirm","1: I confirm","opaque","1_1","strength",0,8,8,1,1,0,24,"1: male",NA,"2026-04-23 07:21:32"
7,"HufJOM4iuBjW","1: I confirm","1: I confirm","opaque","1_1","strength",50,8,8,1,1,50,32,"2: female",NA,"2026-04-23 07:21:36"
7,"47nim0WSZIdk","1: I confirm","1: I confirm","opaque","1_1","strength",33,8,8,1,1,50,63,"1: male",NA,"2026-04-23 07:21:59"
7,"Tog8ul5X2Si5","1: I confirm","1: I confirm","opaque","1_1","strength",33,8,8,1,1,50,19,"1: male",NA,"2026-04-23 07:31:26"
7,"sKzzi2UHMsY4","1: I confirm","1: I confirm","opaque","1_1","strength",25,8,8,1,1,50,23,"1: male",NA,"2026-04-23 12:28:38"
7,"tiZeoqHNdaMw","1: I confirm","1: I confirm","opaque","1_1","strength",75,8,8,1,1,93,56,"2: female",NA,"2026-04-23 12:28:38"
4,"5kQCWpWVu8R1","1: I confirm","1: I confirm","transp","05_05","strength",43,8,6,1,0.75,71,30,"1: male","N/A","2026-04-22 09:15:09"
4,"YPHtPzSFSjfX","1: I confirm","1: I confirm","transp","05_05","strength",19,8,8,1,1,0,26,"1: male",NA,"2026-04-22 09:15:37"
4,"X33YLbJAqTni","1: I confirm","1: I confirm","transp","05_05","strength",0,8,8,1,1,0,49,"2: female",NA,"2026-04-22 09:15:49"
4,"ZPpa137fnEHL","1: I confirm","1: I confirm","transp","05_05","strength",44,7,7,0.875,0.875,50,24,"1: male",NA,"2026-04-22 09:15:59"
4,"sicqc7Ijqe5M","1: I confirm","1: I confirm","transp","05_05","strength",0,8,8,1,1,0,23,"2: female",NA,"2026-04-22 09:24:54"
4,"LCNSTBqEKuPL","1: I confirm","1: I confirm","transp","05_05","strength",5,8,8,1,1,12,65,"2: female","No problems at all","2026-04-22 09:41:52"
4,"9WGY3qTGvAuW","1: I confirm","1: I confirm","transp","05_05","strength",90,8,8,1,1,32,26,"2: female",NA,"2026-04-22 09:42:12"
4,"lNJgnwKkb5h2","1: I confirm","1: I confirm","transp","05_05","strength",9,8,8,1,1,24,26,"1: male",NA,"2026-04-22 09:42:16"
4,"q1acZgxtfeSu","1: I confirm","1: I confirm","transp","05_05","strength",99,8,8,1,1,92,27,"2: female",NA,"2026-04-22 09:44:45"
4,"qPHAnD8jf29v","1: I confirm","1: I confirm","transp","05_05","strength",0,8,8,1,1,0,37,"2: female","no errors","2026-04-22 09:47:27"
4,"nNBICK2OJGoV","1: I confirm","1: I confirm","transp","05_05","strength",0,8,6,1,0.75,0,32,"1: male",NA,"2026-04-22 10:01:55"
4,"Esm1t6qBkHEZ","1: I confirm","1: I confirm","transp","05_05","strength",100,6,7,0.75,0.875,81,35,"1: male","no error","2026-04-22 10:02:32"
4,"O9aZltVIYQzS","1: I confirm","1: I confirm","transp","05_05","strength",0,8,8,1,1,0,40,"2: female",NA,"2026-04-22 10:02:41"
4,"0GqBnCwrl0ul","1: I confirm","1: I confirm","transp","05_05","strength",21,8,8,1,1,32,26,"2: female",NA,"2026-04-22 10:02:50"
4,"iCDCUAunGHUf","1: I confirm","1: I confirm","transp","05_05","strength",0,7,7,0.875,0.875,0,20,"2: female","N/A","2026-04-22 10:12:51"
4,"8d8VUudf120z","1: I confirm","1: I confirm","transp","05_05","strength",7,6,6,0.75,0.75,10,31,"2: female",NA,"2026-04-22 10:13:06"
4,"cyyxt0N24r9p","1: I confirm","1: I confirm","transp","05_05","strength",64,8,8,1,1,29,18,"2: female",NA,"2026-04-22 10:13:26"
4,"a464ugMZ8cri","1: I confirm","1: I confirm","transp","05_05","strength",0,8,8,1,1,46,28,"1: male",NA,"2026-04-22 10:13:29"
4,"EhQldEtyeCdb","1: I confirm","1: I confirm","transp","05_05","strength",88,7,8,0.875,1,1,51,"1: male",NA,"2026-04-22 10:13:42"
4,"s8xMBBZz6Niz","1: I confirm","1: I confirm","transp","05_05","strength",63,8,8,1,1,49,24,"2: female","None","2026-04-22 10:32:19"
4,"bRZdPcoxR4dR","1: I confirm","1: I confirm","transp","05_05","strength",65,8,8,1,1,20,36,"2: female",NA,"2026-04-22 10:32:35"
4,"ivRxpqtaTeuX","1: I confirm","1: I confirm","transp","05_05","strength",0,8,8,1,1,71,55,"1: male","none","2026-04-22 10:33:21"
4,"3hYpiUWgbXCG","1: I confirm","1: I confirm","transp","05_05","strength",0,8,8,1,1,0,44,"2: female",NA,"2026-04-22 10:44:00"
4,"mLVpkqEfVHdt","1: I confirm","1: I confirm","transp","05_05","strength",100,8,8,1,1,0,19,"2: female","Repeated Questions 
","2026-04-22 10:44:16"
4,"yLCYy2BqGQeX","1: I confirm","1: I confirm","transp","05_05","strength",0,8,8,1,1,0,34,"3: non-binary",NA,"2026-04-22 10:44:27"
4,"aCNrw6ilVHdk","1: I confirm","1: I confirm","transp","05_05","strength",3,7,7,0.875,0.875,0,36,"1: male","No errors","2026-04-22 10:53:27"
4,"92oJL14t3amY","1: I confirm","1: I confirm","transp","05_05","strength",50,8,8,1,1,50,18,"2: female",NA,"2026-04-22 10:53:42"
4,"1h1mZQgwYEPD","1: I confirm","1: I confirm","transp","05_05","strength",0,8,8,1,1,0,50,"2: female","n/a","2026-04-22 10:54:08"
4,"kjQ8Ec5bltsk","1: I confirm","1: I confirm","transp","05_05","strength",3,7,7,0.875,0.875,3,35,"2: female",NA,"2026-04-22 10:55:04"
4,"8IWYqGrOelJ4","1: I confirm","1: I confirm","transp","05_05","strength",0,7,7,0.875,0.875,100,40,"2: female",NA,"2026-04-22 11:03:01"
4,"tRsnn1t1HmEW","1: I confirm","1: I confirm","transp","05_05","strength",1,8,8,1,1,1,33,"1: male","None","2026-04-22 11:03:01"
4,"k4AgwZUOLosd","1: I confirm","1: I confirm","transp","05_05","strength",0,8,8,1,1,0,33,"2: female","no","2026-04-22 11:07:52"
4,"7PkKq0PfMJtw","1: I confirm","1: I confirm","transp","05_05","strength",1,8,8,1,1,9,29,"2: female",NA,"2026-04-22 11:08:56"
4,"aI6RyveTdGWv","1: I confirm","1: I confirm","transp","05_05","strength",0,8,8,1,1,0,34,"1: male","no issues","2026-04-22 11:09:08"
4,"T4hkNmh9t16H","1: I confirm","1: I confirm","transp","05_05","strength",0,8,8,1,1,0,19,"2: female",NA,"2026-04-22 11:40:58"
4,"hUopJ5EGFCl0","1: I confirm","1: I confirm","transp","05_05","strength",0,8,8,1,1,0,42,"1: male","n/a","2026-04-22 11:41:15"
4,"bCIbFSEF5KnQ","1: I confirm","1: I confirm","transp","05_05","strength",10,8,8,1,1,37,30,"1: male",NA,"2026-04-22 11:41:41"
4,"DV60UTJvqf7v","1: I confirm","1: I confirm","transp","05_05","strength",17,8,8,1,1,2,52,"2: female","no issues","2026-04-22 11:41:58"
4,"uasHd64W3TDe","1: I confirm","1: I confirm","transp","05_05","strength",0,8,8,1,1,0,62,"1: male",NA,"2026-04-22 11:48:08"
4,"AVQPw3Fnsy96","1: I confirm","1: I confirm","transp","05_05","strength",30,6,7,0.75,0.875,32,28,"2: female",NA,"2026-04-22 11:52:25"
4,"vSDAMdtzl9dQ","1: I confirm","1: I confirm","transp","05_05","strength",58,8,8,1,1,11,30,"1: male","Clean as a button on my end, no errors were found during the session.","2026-04-22 11:59:19"
4,"9fuVE6bqV4ne","1: I confirm","1: I confirm","transp","05_05","strength",0,8,8,1,1,0,34,"1: male",NA,"2026-04-22 11:59:38"
4,"udvXHHmXT4Pi","1: I confirm","1: I confirm","transp","05_05","strength",66,8,8,1,1,60,51,"1: male","none","2026-04-22 11:59:56"
4,"0DKI0z5GZJB9","1: I confirm","1: I confirm","transp","05_05","strength",0,8,8,1,1,0,32,"1: male",NA,"2026-04-22 11:59:57"
4,"to2LOa7sTSsu","1: I confirm","1: I confirm","transp","05_05","strength",5,8,8,1,1,33,39,"1: male","no errors","2026-04-22 12:10:01"
4,"zCHIme0qZaVS","1: I confirm","1: I confirm","transp","05_05","strength",0,8,8,1,1,0,21,"1: male","None","2026-04-22 12:10:42"
4,"L3Da8mXdiTyX","1: I confirm","1: I confirm","transp","05_05","strength",75,8,8,1,1,30,45,"2: female",NA,"2026-04-22 12:10:43"
4,"tWoMkyCFZfF2","1: I confirm","1: I confirm","transp","05_05","strength",0,8,8,1,1,0,45,"2: female",NA,"2026-04-22 12:11:13"
4,"T0h85M0Sods6","1: I confirm","1: I confirm","transp","05_05","strength",0,8,8,1,1,0,51,"2: female",NA,"2026-04-22 12:26:40"
4,"rTa3U9lHR64H","1: I confirm","1: I confirm","transp","05_05","strength",0,8,8,1,1,0,51,"2: female","N/A","2026-04-22 12:26:54"
4,"DuwlhqRICUFV","1: I confirm","1: I confirm","transp","05_05","strength",9,7,8,0.875,1,13,24,"2: female",NA,"2026-04-22 12:27:09"
4,"y7YeKqjCKXjR","1: I confirm","1: I confirm","transp","05_05","strength",0,8,8,1,1,0,55,"1: male","No errors at all, although at times it was slightly confusing. ","2026-04-22 12:27:20"
4,"2GXwLQMzJrB7","1: I confirm","1: I confirm","transp","05_05","strength",30,8,7,1,0.875,47,28,"2: female",NA,"2026-04-22 12:27:39"
4,"tX8xIH3wh8kf","1: I confirm","1: I confirm","transp","05_05","strength",0,8,8,1,1,0,32,"2: female",NA,"2026-04-22 12:30:29"
4,"qnQ6yalEibPV","1: I confirm","1: I confirm","transp","05_05","strength",0,8,8,1,1,0,30,"2: female","No issues at all","2026-04-22 15:11:13"
4,"YKzAPJIajgYq","1: I confirm","1: I confirm","transp","05_05","strength",73,8,8,1,1,30,31,"2: female","no, I didn't notice any. ","2026-04-22 15:13:39"
4,"jWXW4SqKZCYP","1: I confirm","1: I confirm","transp","05_05","strength",6,7,8,0.875,1,5,27,"2: female",NA,"2026-04-23 07:58:56"
4,"QemQ9YBh8uDq","1: I confirm","1: I confirm","transp","05_05","strength",75,6,6,0.75,0.75,100,21,"1: male","Not really ","2026-04-23 08:00:21"
4,"q6ZPXTPSutl0","1: I confirm","1: I confirm","transp","05_05","strength",80,8,8,1,1,0,39,"1: male",NA,"2026-04-23 08:05:19"
4,"lPIISvk04C64","1: I confirm","1: I confirm","transp","05_05","strength",0,8,8,1,1,0,57,"2: female",NA,"2026-04-23 08:29:17"
6,"XXqt1lWpdH46","1: I confirm","1: I confirm","transp","0_0","strength",0,7,8,0.875,1,0,48,"2: female",NA,"2026-04-22 09:15:42"
6,"be51n2nGeXwV","1: I confirm","1: I confirm","transp","0_0","strength",100,7,8,0.875,1,100,32,"1: male","non of above. everything was in control. thank you","2026-04-22 09:15:49"
6,"lPS2p81WhxoW","1: I confirm","1: I confirm","transp","0_0","strength",87,8,8,1,1,82,21,"1: male",NA,"2026-04-22 09:16:32"
6,"Y0BVGVTrnD9p","1: I confirm","1: I confirm","transp","0_0","strength",76,7,7,0.875,0.875,86,31,"2: female","There was no errors","2026-04-22 09:20:22"
6,"KOINwA8En6zi","1: I confirm","1: I confirm","transp","0_0","strength",0,8,8,1,1,0,30,"2: female",NA,"2026-04-22 09:41:51"
6,"qMdLOsW2t0TV","1: I confirm","1: I confirm","transp","0_0","strength",0,8,8,1,1,0,45,"2: female","none","2026-04-22 09:42:15"
6,"nSmNe41iqDcU","1: I confirm","1: I confirm","transp","0_0","strength",10,8,8,1,1,0,26,"2: female",NA,"2026-04-22 09:42:39"
6,"1G8deNtYWocQ","1: I confirm","1: I confirm","transp","0_0","strength",50,8,8,1,1,23,29,"2: female","none, thanks!","2026-04-22 09:42:55"
6,"ubpRbW5nQ4M4","1: I confirm","1: I confirm","transp","0_0","strength",0,7,7,0.875,0.875,0,36,"1: male","No issue","2026-04-22 10:02:20"
6,"LevdflL7cRlF","1: I confirm","1: I confirm","transp","0_0","strength",70,7,8,0.875,1,60,27,"2: female",NA,"2026-04-22 10:02:35"
6,"xjDO4UU15a6a","1: I confirm","1: I confirm","transp","0_0","strength",0,8,8,1,1,1,20,"1: male","N0 ERROR","2026-04-22 10:02:53"
6,"L2ktJPU6eef5","1: I confirm","1: I confirm","transp","0_0","strength",90,7,8,0.875,1,0,47,"4: prefer not to say",NA,"2026-04-22 10:03:07"
6,"ZivhmRvvJIrY","1: I confirm","1: I confirm","transp","0_0","strength",0,8,8,1,1,10,32,"1: male","None","2026-04-22 10:12:56"
6,"jPM6WOISswTx","1: I confirm","1: I confirm","transp","0_0","strength",0,8,8,1,1,0,28,"1: male",NA,"2026-04-22 10:13:11"
6,"wGGcCX39ZNDW","1: I confirm","1: I confirm","transp","0_0","strength",7,8,8,1,1,5,69,"2: female","None","2026-04-22 10:13:12"
6,"YKt31qLhTTsb","1: I confirm","1: I confirm","transp","0_0","strength",1,8,8,1,1,0,31,"2: female","no","2026-04-22 10:13:43"
6,"qygQpFQJMhzb","1: I confirm","1: I confirm","transp","0_0","strength",8,8,8,1,1,0,42,"2: female","no errors","2026-04-22 10:13:53"
6,"028sY2ONkTTo","1: I confirm","1: I confirm","transp","0_0","strength",0,8,8,1,1,0,30,"2: female","none","2026-04-22 10:32:33"
6,"xem2Vk5pBAzr","1: I confirm","1: I confirm","transp","0_0","strength",15,8,8,1,1,15,36,"1: male",NA,"2026-04-22 10:32:52"
6,"h2kUWViPh6Qo","1: I confirm","1: I confirm","transp","0_0","strength",2,8,7,1,0.875,0,28,"1: male",NA,"2026-04-22 10:33:13"
6,"CW9LWyzpB2jV","1: I confirm","1: I confirm","transp","0_0","strength",0,8,8,1,1,0,38,"1: male",NA,"2026-04-22 10:34:42"
6,"cIZAwOOMXpeR","1: I confirm","1: I confirm","transp","0_0","strength",0,8,8,1,1,0,47,"2: female",NA,"2026-04-22 10:44:48"
6,"GpQgWUf51WXG","1: I confirm","1: I confirm","transp","0_0","strength",0,8,7,1,0.875,0,22,"2: female","i was confused by the figure used to describe the mechanism, specifically the top left hand blue part featuring a net? maybe some labels would make it clearer how that influences the mechanism and how movement of the yellow ball would be triggered.","2026-04-22 10:46:52"
6,"x0HchxvEtxtA","1: I confirm","1: I confirm","transp","0_0","strength",1,8,7,1,0.875,29,34,"2: female",NA,"2026-04-22 10:53:17"
6,"JfUzwcqBSyLt","1: I confirm","1: I confirm","transp","0_0","strength",17,8,8,1,1,4,38,"2: female",NA,"2026-04-22 10:53:38"
6,"wiugoQxsRR6S","1: I confirm","1: I confirm","transp","0_0","strength",80,7,7,0.875,0.875,5,37,"2: female",NA,"2026-04-22 10:54:05"
6,"DLlHs0NuvSNQ","1: I confirm","1: I confirm","transp","0_0","strength",1,7,8,0.875,1,1,52,"2: female","None to report","2026-04-22 10:54:09"
6,"1bmnrVPgpMgo","1: I confirm","1: I confirm","transp","0_0","strength",50,8,8,1,1,0,55,"1: male",NA,"2026-04-22 11:01:58"
6,"1Vp3xgHQU3u8","1: I confirm","1: I confirm","transp","0_0","strength",0,8,8,1,1,0,60,"2: female","none","2026-04-22 11:02:32"
6,"IC4dWooiVK9Z","1: I confirm","1: I confirm","transp","0_0","strength",0,8,8,1,1,0,65,"1: male","no technical errors","2026-04-22 11:03:11"
6,"VNkFEMhd1LjI","1: I confirm","1: I confirm","transp","0_0","strength",0,6,8,0.75,1,0,49,"2: female",NA,"2026-04-22 11:07:34"
6,"78fPF88QUDNF","1: I confirm","1: I confirm","transp","0_0","strength",88,8,8,1,1,0,31,"2: female","The scale had no a good button to adjuct","2026-04-22 11:09:04"
6,"gg9Z4b53YZjx","1: I confirm","1: I confirm","transp","0_0","strength",0,8,8,1,1,0,34,"1: male",NA,"2026-04-22 11:41:11"
6,"IIT0tV94z1lz","1: I confirm","1: I confirm","transp","0_0","strength",60,8,8,1,1,10,62,"1: male","No errors or issues experienced  ","2026-04-22 11:41:29"
6,"zGz5XnYI3OeD","1: I confirm","1: I confirm","transp","0_0","strength",0,8,6,1,0.75,14,37,"1: male","None","2026-04-22 11:41:35"
6,"5ZawEwl5b3Hl","1: I confirm","1: I confirm","transp","0_0","strength",8,8,8,1,1,0,29,"2: female",NA,"2026-04-22 11:41:56"
6,"M02yxzTdrK5d","1: I confirm","1: I confirm","transp","0_0","strength",0,8,8,1,1,0,39,"1: male","n/a","2026-04-22 11:47:47"
6,"ubOrguMt2i9z","1: I confirm","1: I confirm","transp","0_0","strength",0,8,8,1,1,13,30,"1: male",NA,"2026-04-22 11:59:15"
6,"HlA3R1iXh9g1","1: I confirm","1: I confirm","transp","0_0","strength",0,8,8,1,1,0,37,"1: male",NA,"2026-04-22 11:59:46"
6,"AcPY4iqII2DL","1: I confirm","1: I confirm","transp","0_0","strength",0,8,8,1,1,0,36,"2: female","no issues, simple to use. ","2026-04-22 12:01:45"
6,"WC4rAINN0pCh","1: I confirm","1: I confirm","transp","0_0","strength",0,8,7,1,0.875,100,35,"2: female",NA,"2026-04-22 12:09:53"
6,"iYU7LuYf9oR0","1: I confirm","1: I confirm","transp","0_0","strength",50,8,8,1,1,0,25,"2: female",NA,"2026-04-22 12:10:01"
6,"72vjywE0BHTx","1: I confirm","1: I confirm","transp","0_0","strength",0,8,8,1,1,6,46,"1: male",NA,"2026-04-22 12:10:21"
6,"5greZac61uO2","1: I confirm","1: I confirm","transp","0_0","strength",0,8,8,1,1,0,36,"1: male",NA,"2026-04-22 12:10:37"
6,"fBJ0ZI7Ak3lk","1: I confirm","1: I confirm","transp","0_0","strength",0,8,6,1,0.75,0,59,"2: female","n/a","2026-04-22 12:10:57"
6,"KvfI4dgfJQGE","1: I confirm","1: I confirm","transp","0_0","strength",74,8,8,1,1,2,35,"2: female","None","2026-04-22 12:26:51"
6,"m214BuwlzjWb","1: I confirm","1: I confirm","transp","0_0","strength",1,7,8,0.875,1,0,26,"1: male","I dont think the instructions were very clear when the ""8 photo"" section started. I though we had to answer based on what would happen if the mechanism was activated. ","2026-04-22 12:27:03"
6,"daiT7i5fYmeS","1: I confirm","1: I confirm","transp","0_0","strength",100,8,8,1,1,0,43,"1: male",NA,"2026-04-22 12:27:20"
6,"uFWbn4aVEjxO","1: I confirm","1: I confirm","transp","0_0","strength",0,8,8,1,1,0,33,"1: male",NA,"2026-04-22 12:29:03"
6,"tiMmA71PSxQw","1: I confirm","1: I confirm","transp","0_0","strength",0,8,8,1,1,0,33,"1: male",NA,"2026-04-22 15:11:13"
6,"Mp9qZ5tvx7Of","1: I confirm","1: I confirm","transp","0_0","strength",0,8,8,1,1,0,51,"1: male",NA,"2026-04-22 15:11:23"
6,"6WNp2JqO2x4a","1: I confirm","1: I confirm","transp","0_0","strength",19,8,7,1,0.875,5,37,"2: female",NA,"2026-04-22 15:14:04"
6,"x0IanxmKv7fr","1: I confirm","1: I confirm","transp","0_0","strength",7,8,8,1,1,0,19,"2: female",NA,"2026-04-23 07:34:30"
6,"KVFjkIMfFvPZ","1: I confirm","1: I confirm","transp","0_0","strength",0,8,8,1,1,0,27,"1: male","Slightly unclear wording","2026-04-23 07:34:43"
6,"ISfKf2Drvc8j","1: I confirm","1: I confirm","transp","0_0","strength",0,8,8,1,1,0,24,"3: non-binary",NA,"2026-04-23 07:35:09"
6,"2IPnIxZ75hFX","1: I confirm","1: I confirm","transp","0_0","strength",0,8,8,1,1,0,23,"1: male",NA,"2026-04-23 07:35:15"
6,"FDChz4UzTVC4","1: I confirm","1: I confirm","transp","0_0","strength",3,8,8,1,1,0,20,"1: male",NA,"2026-04-23 07:35:29"
6,"zcLDvjtyfutt","1: I confirm","1: I confirm","transp","0_0","strength",0,8,7,1,0.875,0,21,"1: male","N/A","2026-04-23 07:36:00"
6,"pLNFN0uiwFJp","1: I confirm","1: I confirm","transp","0_0","strength",0,7,7,0.875,0.875,0,19,"2: female",NA,"2026-04-23 07:41:59"
6,"LSBvh2gvzjbA","1: I confirm","1: I confirm","transp","0_0","strength",0,6,8,0.75,1,0,31,"1: male",NA,"2026-04-23 07:44:48"
2,"3CckvVL5mc7Q","1: I confirm","1: I confirm","transp","1_0","strength",10,8,8,1,1,10,31,"1: male",NA,"2026-04-22 09:15:29"
2,"JVSfRrrIEWKO","1: I confirm","1: I confirm","transp","1_0","strength",0,8,8,1,1,0,23,"1: male","No errors","2026-04-22 09:15:42"
2,"F5XFXWjXcXCD","1: I confirm","1: I confirm","transp","1_0","strength",0,6,8,0.75,1,0,21,"1: male","I did not encounter many problems, but the layout confused me for a bit.","2026-04-22 09:15:44"
2,"3XPjTb67M8FJ","1: I confirm","1: I confirm","transp","1_0","strength",29,7,7,0.875,0.875,100,24,"2: female","No errors ","2026-04-22 09:16:05"
2,"WMazxFvErRgy","1: I confirm","1: I confirm","transp","1_0","strength",0,8,8,1,1,100,33,"2: female",NA,"2026-04-22 09:41:58"
2,"Alf60eyjcHyF","1: I confirm","1: I confirm","transp","1_0","strength",0,8,8,1,1,100,26,"1: male",NA,"2026-04-22 09:42:01"
2,"FFCkqbIuQOxe","1: I confirm","1: I confirm","transp","1_0","strength",0,7,7,0.875,0.875,0,46,"1: male",NA,"2026-04-22 09:42:48"
2,"FRKgvW1VJVVd","1: I confirm","1: I confirm","transp","1_0","strength",4,7,7,0.875,0.875,100,23,"1: male",NA,"2026-04-22 09:42:49"
2,"aWD2Czdt8x4j","1: I confirm","1: I confirm","transp","1_0","strength",0,8,7,1,0.875,0,24,"1: male",NA,"2026-04-22 10:01:47"
2,"X48Igx37Hd3B","1: I confirm","1: I confirm","transp","1_0","strength",10,8,8,1,1,90,30,"2: female","no","2026-04-22 10:02:31"
2,"ERxHX1uq24BS","1: I confirm","1: I confirm","transp","1_0","strength",0,8,8,1,1,0,30,"1: male","The same image again and again","2026-04-22 10:02:42"
2,"UNvG2DwmP024","1: I confirm","1: I confirm","transp","1_0","strength",100,8,8,1,1,100,33,"2: female",NA,"2026-04-22 10:02:49"
2,"TeqSZ7wJvKcn","1: I confirm","1: I confirm","transp","1_0","strength",0,7,7,0.875,0.875,0,52,"1: male","No errors","2026-04-22 10:13:11"
2,"J9QHUNyrtL28","1: I confirm","1: I confirm","transp","1_0","strength",60,8,8,1,1,60,29,"1: male",NA,"2026-04-22 10:13:22"
2,"VD0YyWEsgSlZ","1: I confirm","1: I confirm","transp","1_0","strength",0,8,8,1,1,0,28,"2: female",NA,"2026-04-22 10:32:33"
2,"xX5FIMRBZGOY","1: I confirm","1: I confirm","transp","1_0","strength",0,7,6,0.875,0.75,0,34,"1: male","No","2026-04-22 10:32:42"
2,"khAwp9OJcvNT","1: I confirm","1: I confirm","transp","1_0","strength",100,8,8,1,1,100,25,"2: female","n.a","2026-04-22 10:33:18"
2,"UVGGb6fy6vVK","1: I confirm","1: I confirm","transp","1_0","strength",5,7,7,0.875,0.875,11,36,"2: female","none","2026-04-22 10:34:20"
2,"nuuHoqtUb7N6","1: I confirm","1: I confirm","transp","1_0","strength",92,8,8,1,1,98,22,"2: female","i didnt come across any","2026-04-22 10:35:18"
2,"0rdF1GHZXI8f","1: I confirm","1: I confirm","transp","1_0","strength",0,8,8,1,1,1,25,"2: female","NO ERROR","2026-04-22 10:44:01"
2,"Luw46gHcQ2K0","1: I confirm","1: I confirm","transp","1_0","strength",0,7,7,0.875,0.875,1,27,"1: male","study was smooth.","2026-04-22 10:44:34"
2,"nrYepuqlOTbo","1: I confirm","1: I confirm","transp","1_0","strength",95,8,8,1,1,100,25,"1: male",NA,"2026-04-22 10:48:01"
2,"o0MtGMtrvLJg","1: I confirm","1: I confirm","transp","1_0","strength",5,8,8,1,1,3,63,"2: female",NA,"2026-04-22 10:53:12"
2,"5hBf3y18fNLF","1: I confirm","1: I confirm","transp","1_0","strength",7,8,8,1,1,100,38,"2: female",NA,"2026-04-22 10:53:42"
2,"q3trlNJXZLZM","1: I confirm","1: I confirm","transp","1_0","strength",0,8,8,1,1,100,20,"1: male",NA,"2026-04-22 10:53:42"
2,"Z8rPcZ2Tb4Dh","1: I confirm","1: I confirm","transp","1_0","strength",24,8,8,1,1,48,28,"2: female","none","2026-04-22 11:01:45"
2,"k9CURGS5iAxq","1: I confirm","1: I confirm","transp","1_0","strength",0,8,8,1,1,0,48,"1: male","The diagram didn't explain what all the part of the internal mechanism did ","2026-04-22 11:02:33"
2,"mT7exUXNEudY","1: I confirm","1: I confirm","transp","1_0","strength",9,7,8,0.875,1,18,20,"2: female",NA,"2026-04-22 11:02:52"
2,"76j4kfqlIuUh","1: I confirm","1: I confirm","transp","1_0","strength",0,8,8,1,1,0,42,"1: male",NA,"2026-04-22 11:03:01"
2,"4WUzWQ3DUW92","1: I confirm","1: I confirm","transp","1_0","strength",68,8,8,1,1,84,31,"2: female","I did not come come across any errors","2026-04-22 11:03:16"
2,"YmHIw4R3pS3I","1: I confirm","1: I confirm","transp","1_0","strength",0,8,8,1,1,25,33,"1: male","I believe there were no issues","2026-04-22 11:08:40"
2,"nIap42xHKLxf","1: I confirm","1: I confirm","transp","1_0","strength",0,8,8,1,1,0,33,"1: male",NA,"2026-04-22 11:08:54"
2,"U8f8rsmFLBZs","1: I confirm","1: I confirm","transp","1_0","strength",0,8,8,1,1,100,32,"2: female",NA,"2026-04-22 11:41:00"
2,"0XOKJtJJ8MrE","1: I confirm","1: I confirm","transp","1_0","strength",5,8,8,1,1,20,22,"1: male",NA,"2026-04-22 11:41:28"
2,"BoVL37iTaSCb","1: I confirm","1: I confirm","transp","1_0","strength",3,8,8,1,1,1,26,"2: female",NA,"2026-04-22 11:41:48"
2,"WsqPHXU0iRcJ","1: I confirm","1: I confirm","transp","1_0","strength",0,8,8,1,1,100,22,"2: female",NA,"2026-04-22 11:41:49"
2,"SnFPdkMjz0Dr","1: I confirm","1: I confirm","transp","1_0","strength",0,8,8,1,1,1,51,"2: female",NA,"2026-04-22 11:42:06"
2,"3jl62CLOQTry","1: I confirm","1: I confirm","transp","1_0","strength",5,8,8,1,1,5,53,"2: female",NA,"2026-04-22 11:48:21"
2,"uqQ4GcO4YVSP","1: I confirm","1: I confirm","transp","1_0","strength",0,8,8,1,1,0,33,"1: male",NA,"2026-04-22 11:59:16"
2,"KX0qAoVPFRdO","1: I confirm","1: I confirm","transp","1_0","strength",0,8,7,1,0.875,1,36,"2: female","None","2026-04-22 11:59:21"
2,"M6l1S6qN2pXd","1: I confirm","1: I confirm","transp","1_0","strength",4,8,7,1,0.875,36,30,"2: female","No erors","2026-04-22 11:59:36"
2,"znlVN7hSEvuJ","1: I confirm","1: I confirm","transp","1_0","strength",17,7,7,0.875,0.875,25,26,"2: female",NA,"2026-04-22 11:59:49"
2,"aYZAM2cIWI8h","1: I confirm","1: I confirm","transp","1_0","strength",0,7,7,0.875,0.875,0,50,"1: male","none","2026-04-22 12:10:24"
2,"OzBsdhQoeU1F","1: I confirm","1: I confirm","transp","1_0","strength",0,8,8,1,1,0,55,"1: male","No errors","2026-04-22 12:10:51"
2,"IF2bFSeMtSBR","1: I confirm","1: I confirm","transp","1_0","strength",0,8,8,1,1,0,45,"2: female","No errors, but I just wanted to say that I based my 0% chance on the fact that there was a brick wall in the machine that would stop the yellow ball from activating the pink ball.","2026-04-22 12:11:00"
2,"3tJF0uUbBJrc","1: I confirm","1: I confirm","transp","1_0","strength",0,8,8,1,1,0,57,"2: female","all set - thank you","2026-04-22 12:26:30"
2,"h8Gf83vUvrcw","1: I confirm","1: I confirm","transp","1_0","strength",0,8,7,1,0.875,0,27,"2: female",NA,"2026-04-22 12:26:52"
2,"lkW1OfOW3Aax","1: I confirm","1: I confirm","transp","1_0","strength",0,8,8,1,1,0,22,"2: female",NA,"2026-04-22 12:27:22"
2,"1WLcTqZ0cMWZ","1: I confirm","1: I confirm","transp","1_0","strength",4,8,8,1,1,99,25,"2: female",NA,"2026-04-22 15:11:11"
2,"mVXB1kQ6e2Bn","1: I confirm","1: I confirm","transp","1_0","strength",50,8,8,1,1,90,19,"1: male","I dont think there were any.","2026-04-22 15:11:20"
2,"FyFYEzkZGyIE","1: I confirm","1: I confirm","transp","1_0","strength",8,6,7,0.75,0.875,21,31,"2: female",NA,"2026-04-22 15:11:24"
2,"8FNMH19uV2t6","1: I confirm","1: I confirm","transp","1_0","strength",22,7,8,0.875,1,82,27,"1: male","None","2026-04-23 09:56:12"
2,"dCLx1P19ISew","1: I confirm","1: I confirm","transp","1_0","strength",0,8,8,1,1,0,50,"1: male",NA,"2026-04-23 09:56:13"
2,"Fsa71I5ACOSE","1: I confirm","1: I confirm","transp","1_0","strength",62,8,8,1,1,95,38,"2: female",NA,"2026-04-23 09:56:15"
2,"8MsNNjgcY9AW","1: I confirm","1: I confirm","transp","1_0","strength",11,8,7,1,0.875,1,48,"2: female",NA,"2026-04-23 09:56:17"
2,"VosT8AQ7Bvm6","1: I confirm","1: I confirm","transp","1_0","strength",0,8,8,1,1,0,34,"1: male","None","2026-04-23 09:56:18"
2,"g7fs8JYI5cvh","1: I confirm","1: I confirm","transp","1_0","strength",0,8,8,1,1,60,28,"2: female","No errors noted.","2026-04-23 09:56:19"
2,"W6wK1YjputDF","1: I confirm","1: I confirm","transp","1_0","strength",0,7,8,0.875,1,96,25,"2: female",NA,"2026-04-23 09:56:40"
2,"5lgThQTpjPgp","1: I confirm","1: I confirm","transp","1_0","strength",100,8,8,1,1,100,30,"2: female",NA,"2026-04-23 09:56:41"
2,"TPiT2lIJun5a","1: I confirm","1: I confirm","transp","1_0","strength",0,8,8,1,1,100,32,"3: non-binary",NA,"2026-04-23 10:07:14"
8,"y4fKmSK4Wvyu","1: I confirm","1: I confirm","transp","1_1","strength",1,8,8,1,1,48,47,"2: female",NA,"2026-04-22 09:14:56"
8,"0ZPwYIMqmEgm","1: I confirm","1: I confirm","transp","1_1","strength",0,8,8,1,1,50,53,"1: male","No problems thanks","2026-04-22 09:15:44"
8,"kAYuBJpc0HSs","1: I confirm","1: I confirm","transp","1_1","strength",10,8,8,1,1,10,64,"1: male","just questions repeating itself ","2026-04-22 09:16:09"
8,"5jRI0anJr0vY","1: I confirm","1: I confirm","transp","1_1","strength",8,8,8,1,1,55,33,"1: male",NA,"2026-04-22 09:24:39"
8,"vN8L4XthVIPf","1: I confirm","1: I confirm","transp","1_1","strength",0,7,8,0.875,1,0,34,"1: male","no errors encountered during the study","2026-04-22 09:41:46"
8,"uHpgq61Oo8pM","1: I confirm","1: I confirm","transp","1_1","strength",48,8,8,1,1,50,51,"2: female","none","2026-04-22 09:42:16"
8,"itXlXIqjpHlY","1: I confirm","1: I confirm","transp","1_1","strength",26,8,6,1,0.75,28,29,"2: female",NA,"2026-04-22 09:42:27"
8,"QGEwaZYvJE66","1: I confirm","1: I confirm","transp","1_1","strength",20,6,7,0.75,0.875,45,33,"2: female",NA,"2026-04-22 09:42:46"
8,"plwGO5kjlK54","1: I confirm","1: I confirm","transp","1_1","strength",2,8,8,1,1,2,25,"2: female","I kept on getting a repeated question and i thought that there was a glitch, but i do not think there was.","2026-04-22 09:43:02"
8,"cp1MNmnh4Mh5","1: I confirm","1: I confirm","transp","1_1","strength",0,8,8,1,1,0,53,"1: male",NA,"2026-04-22 10:02:30"
8,"yo6ybzwVXIq5","1: I confirm","1: I confirm","transp","1_1","strength",50,7,8,0.875,1,75,29,"2: female","None","2026-04-22 10:02:39"
8,"yfysntpGdGYv","1: I confirm","1: I confirm","transp","1_1","strength",81,8,8,1,1,38,18,"2: female","no","2026-04-22 10:13:25"
8,"3hImRiSH8jt5","1: I confirm","1: I confirm","transp","1_1","strength",64,8,8,1,1,30,20,"2: female",NA,"2026-04-22 10:32:30"
8,"jRPArYnSCZgc","1: I confirm","1: I confirm","transp","1_1","strength",0,8,8,1,1,0,46,"2: female",NA,"2026-04-22 10:32:39"
8,"ClZtNzpEryzA","1: I confirm","1: I confirm","transp","1_1","strength",100,8,8,1,1,100,34,"1: male",NA,"2026-04-22 10:33:18"
8,"nbSslEzAyMuY","1: I confirm","1: I confirm","transp","1_1","strength",0,7,8,0.875,1,100,44,"1: male",NA,"2026-04-22 10:33:21"
8,"bWpPSFvIYucf","1: I confirm","1: I confirm","transp","1_1","strength",0,8,8,1,1,0,34,"1: male",NA,"2026-04-22 10:44:06"
8,"0BqV7bIOdSPx","1: I confirm","1: I confirm","transp","1_1","strength",0,7,8,0.875,1,0,42,"2: female",NA,"2026-04-22 10:44:07"
8,"HJWtc9LHUsxO","1: I confirm","1: I confirm","transp","1_1","strength",50,8,8,1,1,25,38,"2: female",NA,"2026-04-22 10:53:04"
8,"37mR5bGBctsV","1: I confirm","1: I confirm","transp","1_1","strength",4,8,8,1,1,0,64,"2: female",NA,"2026-04-22 10:53:20"
8,"FhMeCaPFsoeH","1: I confirm","1: I confirm","transp","1_1","strength",0,8,8,1,1,0,43,"1: male",NA,"2026-04-22 10:53:32"
8,"w5VYUWAp4zSQ","1: I confirm","1: I confirm","transp","1_1","strength",0,8,8,1,1,0,37,"2: female","I did not see any.","2026-04-22 10:53:46"
8,"BwPQUdxEqxXF","1: I confirm","1: I confirm","transp","1_1","strength",0,8,8,1,1,0,28,"1: male",NA,"2026-04-22 10:54:05"
8,"japX7GGhzGvG","1: I confirm","1: I confirm","transp","1_1","strength",0,8,8,1,1,0,26,"1: male",NA,"2026-04-22 11:01:56"
8,"CqvB4kT6xFTJ","1: I confirm","1: I confirm","transp","1_1","strength",0,8,8,1,1,0,36,"1: male","I did not encounter any errors","2026-04-22 11:01:59"
8,"fJnucGBWzuhz","1: I confirm","1: I confirm","transp","1_1","strength",4,8,8,1,1,1,34,"2: female","None","2026-04-22 11:03:00"
8,"Oyn4AFQM5Yhi","1: I confirm","1: I confirm","transp","1_1","strength",100,6,6,0.75,0.75,100,35,"1: male","no errors","2026-04-22 11:03:11"
8,"VNtof8YReVGU","1: I confirm","1: I confirm","transp","1_1","strength",0,6,8,0.75,1,0,35,"2: female",NA,"2026-04-22 11:03:22"
8,"vJOhPNEYQril","1: I confirm","1: I confirm","transp","1_1","strength",50,8,8,1,1,50,48,"2: female","none","2026-04-22 11:08:43"
8,"ohYCPtWOhy3q","1: I confirm","1: I confirm","transp","1_1","strength",83,8,8,1,1,0,46,"2: female","I encountered no errors.","2026-04-22 11:09:12"
8,"ZrxEf4xASy13","1: I confirm","1: I confirm","transp","1_1","strength",33,6,8,0.75,1,19,69,"2: female",NA,"2026-04-22 11:40:56"
8,"c0ACjKIICRU5","1: I confirm","1: I confirm","transp","1_1","strength",0,8,8,1,1,0,51,"2: female","N/A","2026-04-22 11:41:04"
8,"y0qqWmGK4Vkh","1: I confirm","1: I confirm","transp","1_1","strength",3,8,8,1,1,2,58,"2: female",NA,"2026-04-22 11:41:38"
8,"7XrbUvMVhchC","1: I confirm","1: I confirm","transp","1_1","strength",0,8,8,1,1,0,29,"1: male","everything looks good!","2026-04-22 11:42:14"
8,"ppM1qCRN3e85","1: I confirm","1: I confirm","transp","1_1","strength",33,7,8,0.875,1,1,32,"2: female",NA,"2026-04-22 11:48:00"
8,"MYCbBLa0u9Nc","1: I confirm","1: I confirm","transp","1_1","strength",0,8,8,1,1,0,40,"2: female","No errors","2026-04-22 11:59:12"
8,"8eOQb3qSUJDc","1: I confirm","1: I confirm","transp","1_1","strength",42,8,8,1,1,31,59,"2: female",NA,"2026-04-22 11:59:22"
8,"awjjwTvdkgyn","1: I confirm","1: I confirm","transp","1_1","strength",19,8,8,1,1,0,61,"1: male",NA,"2026-04-22 11:59:43"
8,"8InDKyOHpPGs","1: I confirm","1: I confirm","transp","1_1","strength",2,8,8,1,1,1,59,"2: female",NA,"2026-04-22 11:59:54"
8,"qw712he1UL5r","1: I confirm","1: I confirm","transp","1_1","strength",10,8,8,1,1,46,35,"1: male",NA,"2026-04-22 12:09:42"
8,"VuWlCgrVzHmq","1: I confirm","1: I confirm","transp","1_1","strength",2,8,8,1,1,4,22,"2: female","None that i detected","2026-04-22 12:10:02"
8,"Gg0LH32VYxIP","1: I confirm","1: I confirm","transp","1_1","strength",24,8,8,1,1,2,41,"1: male","No","2026-04-22 12:10:15"
8,"bOXr3CMRY49e","1: I confirm","1: I confirm","transp","1_1","strength",26,8,8,1,1,5,23,"1: male","none","2026-04-22 12:10:46"
8,"obddKxDMNQeS","1: I confirm","1: I confirm","transp","1_1","strength",0,7,8,0.875,1,0,42,"1: male",NA,"2026-04-22 12:10:58"
8,"M1CEIBzBXvHx","1: I confirm","1: I confirm","transp","1_1","strength",12,8,8,1,1,11,62,"2: female",NA,"2026-04-22 12:26:14"
8,"0bifsUN9UWsh","1: I confirm","1: I confirm","transp","1_1","strength",0,7,8,0.875,1,0,67,"2: female","None","2026-04-22 12:26:55"
8,"FW3R5xTr5eRU","1: I confirm","1: I confirm","transp","1_1","strength",0,8,8,1,1,0,31,"1: male",NA,"2026-04-22 12:27:08"
8,"TvEdbyyryvAb","1: I confirm","1: I confirm","transp","1_1","strength",99,8,8,1,1,0,67,"2: female",NA,"2026-04-22 12:27:22"
8,"QrrxEwMKlkXi","1: I confirm","1: I confirm","transp","1_1","strength",0,8,8,1,1,0,32,"2: female","N/A","2026-04-22 15:11:10"
8,"CAJAdysGEZZM","1: I confirm","1: I confirm","transp","1_1","strength",81,8,7,1,0.875,80,60,"2: female",NA,"2026-04-22 15:11:25"
8,"ptFX9O5ysjHB","1: I confirm","1: I confirm","transp","1_1","strength",0,8,8,1,1,0,23,"1: male",NA,"2026-04-22 15:12:34"
8,"LcIwLVTzbnoa","1: I confirm","1: I confirm","transp","1_1","strength",20,8,8,1,1,58,23,"2: female",NA,"2026-04-23 06:42:10"
8,"T98DdDp8UO45","1: I confirm","1: I confirm","transp","1_1","strength",50,8,8,1,1,0,63,"1: male",NA,"2026-04-23 06:42:11"
8,"8brgNM68aIpY","1: I confirm","1: I confirm","transp","1_1","strength",24,8,8,1,1,18,58,"2: female","None","2026-04-23 06:42:16"
8,"iz1p30JUJ6x1","1: I confirm","1: I confirm","transp","1_1","strength",45,8,8,1,1,90,21,"2: female",NA,"2026-04-23 06:42:38"
8,"KFxwjuIH3bMK","1: I confirm","1: I confirm","transp","1_1","strength",0,6,8,0.75,1,0,59,"2: female","There were no errors that I came across","2026-04-23 06:43:16"
8,"qy0ZlWaZng3F","1: I confirm","1: I confirm","transp","1_1","strength",14,8,8,1,1,1,25,"1: male",NA,"2026-04-23 06:48:15"
8,"09PPoHvwe1xy","1: I confirm","1: I confirm","transp","1_1","strength",0,8,8,1,1,0,55,"1: male",NA,"2026-04-23 07:07:02"
8,"vibAmQ5fBeCd","1: I confirm","1: I confirm","transp","1_1","strength",3,8,8,1,1,3,27,"2: female","N/a","2026-04-23 07:07:05"
8,"tUmvnAxrfZTt","1: I confirm","1: I confirm","transp","1_1","strength",0,8,8,1,1,0,22,"2: female",NA,"2026-04-23 07:07:06"
5,"0564Z4ge2Hhl","1: I confirm","1: I confirm","opaque","0_0","strength",100,8,5,1,0.625,100,31,"1: male",NA,"2026-04-22 15:11:39"
8,"0Y6aYmOH3Jgc","1: I confirm","1: I confirm","transp","1_1","strength",33,5,7,0.625,0.875,33,43,"2: female",NA,"2026-04-22 10:44:33"
6,"1UdviNzqrmd4","1: I confirm","1: I confirm","transp","0_0","strength",80,7,5,0.875,0.625,100,36,"2: female","n/a","2026-04-22 11:40:55"
3,"2IikFDEnQDCg","1: I confirm","1: I confirm","opaque","05_05","strength",45,1,3,0.125,0.375,43,30,"2: female",NA,"2026-04-22 12:27:16"
2,"2XDLQokwnNcm","1: I confirm","1: I confirm","transp","1_0","strength",28,5,7,0.625,0.875,21,28,"1: male","Layout problem: There was a wall in front of the yellow ball and there was no wall in front of the purple ball, therefore the movement of the yellow ball cannot cause purple ball to move and also there is a leg between these ball. Uneven surfaces: somewhat steep slope in front of the purple ball. ","2026-04-22 12:27:06"
8,"2Z9WolFryzDc","1: I confirm","1: I confirm","transp","1_1","strength",75,4,8,0.5,1,78,28,"2: female","This study was smooth and i enjoyed it.","2026-04-22 10:03:27"
5,"3Dco8f5YBNKJ","1: I confirm","1: I confirm","opaque","0_0","strength",50,7,5,0.875,0.625,14,62,"2: female",NA,"2026-04-22 11:59:53"
1,"3MB0HRBkuhrR","1: I confirm","1: I confirm","opaque","1_0","strength",0,8,4,1,0.5,0,37,"2: female",NA,"2026-04-22 10:02:36"
1,"3oBaGp76DAIO","1: I confirm","1: I confirm","opaque","1_0","strength",74,2,4,0.25,0.5,81,48,"1: male",NA,"2026-04-22 12:27:14"
8,"3zYqTQQ4Ze4X","1: I confirm","1: I confirm","transp","1_1","strength",25,4,8,0.5,1,25,41,"1: male","The study was clear.","2026-04-22 11:59:57"
7,"4jqYvxaXIg4M","1: I confirm","1: I confirm","opaque","1_1","strength",6,4,8,0.5,1,2,30,"2: female","No issues, thanks.","2026-04-22 12:27:23"
5,"5Ju3sf0o93jp","1: I confirm","1: I confirm","opaque","0_0","strength",95,3,2,0.375,0.25,91,52,"1: male",NA,"2026-04-22 10:33:24"
6,"5UMtXaMJU846","1: I confirm","1: I confirm","transp","0_0","strength",65,4,6,0.5,0.75,0,25,"2: female",NA,"2026-04-22 09:42:22"
4,"5nEolPlzn59Q","1: I confirm","1: I confirm","transp","05_05","strength",85,4,4,0.5,0.5,75,28,"1: male","No errors encountered.","2026-04-22 10:38:04"
7,"6Afbxwo8lMRO","1: I confirm","1: I confirm","opaque","1_1","strength",100,2,2,0.25,0.25,100,54,"2: female",NA,"2026-04-22 09:42:52"
5,"6lCk2LFvoMup","1: I confirm","1: I confirm","opaque","0_0","strength",26,0,8,0,1,20,58,"1: male",NA,"2026-04-22 11:59:12"
5,"6lowjxnulb5V","1: I confirm","1: I confirm","opaque","0_0","strength",90,0,0,0,0,97,32,"1: male","I did not encounter any errors or technical issues within this study. All study functions worked properly. ","2026-04-22 11:48:01"
4,"72RGMN2SqYyL","1: I confirm","1: I confirm","transp","05_05","strength",100,5,2,0.625,0.25,94,22,"1: male",NA,"2026-04-22 10:32:52"
1,"7e18Pott77Bv","1: I confirm","1: I confirm","opaque","1_0","strength",84,0,4,0,0.5,81,53,"2: female","No errors , thank you","2026-04-22 11:03:20"
3,"7tTO3YF6FryP","1: I confirm","1: I confirm","opaque","05_05","strength",0,4,4,0.5,0.5,5,47,"2: female",NA,"2026-04-22 09:15:24"
1,"8Hk2c01kzorB","1: I confirm","1: I confirm","opaque","1_0","strength",84,0,1,0,0.125,84,49,"2: female","Nothing. Thank you for the opportunity","2026-04-22 12:27:02"
8,"8pruANe6m30i","1: I confirm","1: I confirm","transp","1_1","strength",5,4,8,0.5,1,5,52,"2: female",NA,"2026-04-22 09:15:36"
1,"C9WpN8rj0eDR","1: I confirm","1: I confirm","opaque","1_0","strength",0,0,0,0,0,0,40,"1: male",NA,"2026-04-22 16:31:56"
3,"CYamMZEWREkb","1: I confirm","1: I confirm","opaque","05_05","strength",50,0,8,0,1,83,42,"2: female","none","2026-04-22 11:58:55"
5,"Cv6lxrg4koE0","1: I confirm","1: I confirm","opaque","0_0","strength",88,7,4,0.875,0.5,86,41,"2: female","No errors","2026-04-22 09:42:19"
5,"DTs2Tyjp44Od","1: I confirm","1: I confirm","opaque","0_0","strength",65,5,5,0.625,0.625,31,32,"2: female","None
","2026-04-22 11:42:05"
6,"DlKlpvpX15TM","1: I confirm","1: I confirm","transp","0_0","strength",0,4,5,0.5,0.625,0,42,"2: female",NA,"2026-04-22 09:14:59"
3,"FW5g8Cl3AkY7","1: I confirm","1: I confirm","opaque","05_05","strength",72,3,7,0.375,0.875,89,32,"1: male",NA,"2026-04-22 11:41:34"
8,"GIc2sfLwUI7k","1: I confirm","1: I confirm","transp","1_1","strength",0,5,8,0.625,1,0,47,"2: female",NA,"2026-04-22 12:27:22"
1,"HAwVvr3vGbYF","1: I confirm","1: I confirm","opaque","1_0","strength",45,7,4,0.875,0.5,70,49,"2: female","The were no errors during the study, but the instructions were not demonstrated clearly.","2026-04-22 09:16:06"
1,"HD6un7fPag7E","1: I confirm","1: I confirm","opaque","1_0","strength",100,7,4,0.875,0.5,100,60,"2: female","HAVE AN AMAZING DAY!!","2026-04-22 16:32:06"
8,"HdIhGduMeIDZ","1: I confirm","1: I confirm","transp","1_1","strength",2,8,4,1,0.5,49,51,"2: female",NA,"2026-04-22 11:08:37"
5,"JXrOvxGKEFj7","1: I confirm","1: I confirm","opaque","0_0","strength",0,2,0,0.25,0,0,27,"2: female",NA,"2026-04-22 10:32:33"
1,"KfNCTDdgDFCo","1: I confirm","1: I confirm","opaque","1_0","strength",0,4,6,0.5,0.75,65,30,"1: male","none","2026-04-22 09:41:46"
7,"L6BkikkfZP1d","1: I confirm","1: I confirm","opaque","1_1","strength",0,4,8,0.5,1,10,31,"2: female",NA,"2026-04-22 12:26:59"
1,"LNalAu3C7uNx","1: I confirm","1: I confirm","opaque","1_0","strength",83,5,4,0.625,0.5,90,34,"1: male","N/A","2026-04-22 11:40:55"
5,"M3I2hzDHsB7T","1: I confirm","1: I confirm","opaque","0_0","strength",74,5,5,0.625,0.625,17,57,"2: female",NA,"2026-04-22 12:09:56"
5,"MQNK8oK0CrmZ","1: I confirm","1: I confirm","opaque","0_0","strength",68,0,4,0,0.5,56,33,"3: non-binary",NA,"2026-04-22 11:53:25"
7,"MzPu7zxtpAMq","1: I confirm","1: I confirm","opaque","1_1","strength",100,4,6,0.5,0.75,100,21,"2: female",NA,"2026-04-22 10:33:07"
5,"NFG44nhRlQf3","1: I confirm","1: I confirm","opaque","0_0","strength",18,7,5,0.875,0.625,5,59,"1: male",NA,"2026-04-22 09:15:23"
8,"NP6WaH41HHx8","1: I confirm","1: I confirm","transp","1_1","strength",33,4,8,0.5,1,39,32,"2: female","Technical issues as the same question was asked numerous times ","2026-04-22 09:16:09"
5,"Np19cA9MQDzp","1: I confirm","1: I confirm","opaque","0_0","strength",43,7,4,0.875,0.5,32,35,"2: female","N/A","2026-04-22 10:05:19"
8,"O7pds8clMFth","1: I confirm","1: I confirm","transp","1_1","strength",57,4,7,0.5,0.875,59,29,"1: male",NA,"2026-04-22 10:08:15"
6,"OKZrYkUHlStG","1: I confirm","1: I confirm","transp","0_0","strength",14,5,6,0.625,0.75,15,31,"1: male",NA,"2026-04-22 09:49:52"
2,"P5PjDi0bK4rU","1: I confirm","1: I confirm","transp","1_0","strength",92,1,0,0.125,0,99,21,"2: female",NA,"2026-04-23 09:56:45"
2,"QGQ1GLrSojRA","1: I confirm","1: I confirm","transp","1_0","strength",0,5,8,0.625,1,10,56,"2: female",NA,"2026-04-22 11:47:13"
6,"R8KNZl09BLQ6","1: I confirm","1: I confirm","transp","0_0","strength",0,8,4,1,0.5,0,40,"2: female",NA,"2026-04-22 11:02:43"
1,"RMlM87EydkQW","1: I confirm","1: I confirm","opaque","1_0","strength",48,4,4,0.5,0.5,0,29,"1: male",NA,"2026-04-22 10:02:57"
5,"RVTI0sjWfGjb","1: I confirm","1: I confirm","opaque","0_0","strength",11,8,5,1,0.625,16,55,"2: female","None","2026-04-23 06:00:50"
2,"SEDNcKjp02Q6","1: I confirm","1: I confirm","transp","1_0","strength",0,7,5,0.875,0.625,6,45,"2: female","none","2026-04-22 12:30:49"
4,"UKDUMMPn69nX","1: I confirm","1: I confirm","transp","05_05","strength",0,5,7,0.625,0.875,0,39,"2: female","no errors","2026-04-22 09:42:34"
1,"UM02fpoSDVdZ","1: I confirm","1: I confirm","opaque","1_0","strength",100,2,5,0.25,0.625,50,63,"2: female","None","2026-04-22 10:53:34"
5,"VWfUCapMFEin","1: I confirm","1: I confirm","opaque","0_0","strength",90,8,5,1,0.625,100,33,"2: female",NA,"2026-04-22 11:59:38"
8,"WBg2BLJnfget","1: I confirm","1: I confirm","transp","1_1","strength",0,6,3,0.75,0.375,0,38,"1: male","I did not encounter any errors whatsoever during this study at all","2026-04-23 06:42:31"
5,"Xf35FeEF4BiV","1: I confirm","1: I confirm","opaque","0_0","strength",0,4,0,0.5,0,0,23,"1: male",NA,"2026-04-22 12:33:32"
2,"XqeG1rvgiBqI","1: I confirm","1: I confirm","transp","1_0","strength",45,3,8,0.375,1,46,35,"1: male",NA,"2026-04-22 10:05:29"
3,"a1azJAsFowk8","1: I confirm","1: I confirm","opaque","05_05","strength",49,3,4,0.375,0.5,48,20,"1: male","no errors ","2026-04-22 12:10:06"
5,"a6trEmmItqWt","1: I confirm","1: I confirm","opaque","0_0","strength",48,5,1,0.625,0.125,54,53,"2: female",NA,"2026-04-23 06:00:36"
4,"bQSHo2Y9DCp1","1: I confirm","1: I confirm","transp","05_05","strength",49,5,8,0.625,1,51,25,"2: female","I did not came with technical issues at all ","2026-04-23 07:58:52"
5,"cEVLWRvHOguj","1: I confirm","1: I confirm","opaque","0_0","strength",89,8,3,1,0.375,82,20,"1: male","NO ERRORS","2026-04-23 06:14:23"
7,"cTIThp9poS6B","1: I confirm","1: I confirm","opaque","1_1","strength",47,5,6,0.625,0.75,50,22,"1: male",NA,"2026-04-23 07:21:32"
2,"d9ATiZxUikKP","1: I confirm","1: I confirm","transp","1_0","strength",100,5,7,0.625,0.875,0,33,"2: female","Layout problems","2026-04-22 10:34:47"
1,"dVagqkRod0Qm","1: I confirm","1: I confirm","opaque","1_0","strength",94,5,7,0.625,0.875,80,38,"2: female",NA,"2026-04-22 11:41:57"
8,"eZSk0QmxY59u","1: I confirm","1: I confirm","transp","1_1","strength",39,6,4,0.75,0.5,28,38,"2: female","None","2026-04-22 11:41:27"
7,"fDdSayCZkYcn","1: I confirm","1: I confirm","opaque","1_1","strength",0,8,3,1,0.375,0,44,"2: female",NA,"2026-04-22 09:16:06"
2,"gGf6pasbDutt","1: I confirm","1: I confirm","transp","1_0","strength",0,4,8,0.5,1,0,53,"1: male","I didn't understand the point of the netting in the mechanism with the blue ball and how it made a difference","2026-04-22 10:03:36"
2,"gbXXLj4Rwyp4","1: I confirm","1: I confirm","transp","1_0","strength",6,1,6,0.125,0.75,5,36,"2: female",NA,"2026-04-22 09:16:58"
6,"i3u9e01IVwbj","1: I confirm","1: I confirm","transp","0_0","strength",16,8,0,1,0,13,34,"4: prefer not to say",NA,"2026-04-22 10:46:46"
2,"i8ceXDaMrLbd","1: I confirm","1: I confirm","transp","1_0","strength",90,5,6,0.625,0.75,80,36,"1: male","no errors ","2026-04-22 10:13:34"
1,"iZ4XEvNXMWr4","1: I confirm","1: I confirm","opaque","1_0","strength",59,1,2,0.125,0.25,62,60,"1: male","None.","2026-04-22 10:44:20"
2,"jMoLx47rIys2","1: I confirm","1: I confirm","transp","1_0","strength",18,3,4,0.375,0.5,15,71,"1: male",NA,"2026-04-22 11:47:32"
1,"jR7Nix8KPGl2","1: I confirm","1: I confirm","opaque","1_0","strength",28,5,6,0.625,0.75,61,30,"2: female",NA,"2026-04-22 15:11:03"
1,"jhcF0o4nm3qh","1: I confirm","1: I confirm","opaque","1_0","strength",95,3,5,0.375,0.625,71,45,"1: male","There ere no issues.","2026-04-22 11:09:33"
5,"kSe0jvHSzqmA","1: I confirm","1: I confirm","opaque","0_0","strength",50,8,4,1,0.5,50,55,"1: male",NA,"2026-04-22 10:13:35"
7,"mH4CjYHCoOdT","1: I confirm","1: I confirm","opaque","1_1","strength",57,3,4,0.375,0.5,61,32,"1: male","No","2026-04-22 10:04:49"
5,"mHcoAHwI7aq1","1: I confirm","1: I confirm","opaque","0_0","strength",96,0,0,0,0,96,23,"2: female",NA,"2026-04-22 11:03:25"
7,"mSFlzBJC5VPC","1: I confirm","1: I confirm","opaque","1_1","strength",20,6,4,0.75,0.5,83,56,"2: female",NA,"2026-04-23 07:21:50"
3,"nNd0gUG4oRCw","1: I confirm","1: I confirm","opaque","05_05","strength",49,4,5,0.5,0.625,100,39,"2: female","N/A","2026-04-22 10:43:18"
6,"oHVbLpZ2lAUH","1: I confirm","1: I confirm","transp","0_0","strength",0,2,0,0.25,0,5,41,"1: male","No errors, went very well.","2026-04-22 15:11:04"
6,"oh1rTBXRTUSV","1: I confirm","1: I confirm","transp","0_0","strength",100,6,5,0.75,0.625,0,41,"2: female",NA,"2026-04-22 10:02:38"
5,"pOkCmZeIu5I4","1: I confirm","1: I confirm","opaque","0_0","strength",90,8,3,1,0.375,5,25,"2: female",NA,"2026-04-22 11:08:44"
5,"pstyj6Tx8mE2","1: I confirm","1: I confirm","opaque","0_0","strength",32,7,4,0.875,0.5,31,22,"2: female","No errors","2026-04-22 11:59:18"
8,"qY8Mvbd3mZIJ","1: I confirm","1: I confirm","transp","1_1","strength",25,2,6,0.25,0.75,50,73,"2: female","None noted","2026-04-22 11:41:57"
8,"rFiKUWjAGb46","1: I confirm","1: I confirm","transp","1_1","strength",92,3,6,0.375,0.75,79,47,"1: male","nothing on your side im sure i made some mistakes","2026-04-23 06:42:15"
4,"rISSdzOJm9Ru","1: I confirm","1: I confirm","transp","05_05","strength",0,4,7,0.5,0.875,0,40,"2: female","No errors, just wasn't sure what this study was about.","2026-04-22 15:11:08"
5,"rJ0FK3rw1VWf","1: I confirm","1: I confirm","opaque","0_0","strength",50,6,0,0.75,0,61,25,"1: male",NA,"2026-04-23 06:00:56"
1,"rTV5KZu4ViXi","1: I confirm","1: I confirm","opaque","1_0","strength",7,6,4,0.75,0.5,6,37,"2: female",NA,"2026-04-22 10:14:08"
8,"sdGN2UaiUVw1","1: I confirm","1: I confirm","transp","1_1","strength",1,1,1,0.125,0.125,86,53,"2: female","Not that I know of.","2026-04-22 10:13:33"
1,"sq2kHnE3VAew","1: I confirm","1: I confirm","opaque","1_0","strength",15,5,7,0.625,0.875,56,21,"2: female",NA,"2026-04-22 10:13:31"
5,"stW54FaG8zAp","1: I confirm","1: I confirm","opaque","0_0","strength",50,0,0,0,0,50,66,"1: male","Other than being a rather odd study?  ","2026-04-23 06:00:59"
8,"t3osDIwu4NR1","1: I confirm","1: I confirm","transp","1_1","strength",1,5,7,0.625,0.875,1,48,"2: female","no comments","2026-04-23 06:42:34"
4,"t78QNhufr2sN","1: I confirm","1: I confirm","transp","05_05","strength",100,4,4,0.5,0.5,100,26,"2: female",NA,"2026-04-22 10:53:32"
3,"tCIfaDpE64Xj","1: I confirm","1: I confirm","opaque","05_05","strength",79,6,5,0.75,0.625,1,23,"2: female","no errors","2026-04-22 09:42:35"
4,"u1zmrgMwvmbp","1: I confirm","1: I confirm","transp","05_05","strength",0,3,8,0.375,1,0,27,"2: female",NA,"2026-04-22 15:11:22"
3,"u5oPx9Eckah7","1: I confirm","1: I confirm","opaque","05_05","strength",69,4,5,0.5,0.625,60,31,"2: female","i did not experience any error during the study","2026-04-22 11:43:53"
2,"uqayZK0CiPSj","1: I confirm","1: I confirm","transp","1_0","strength",52,6,2,0.75,0.25,53,26,"1: male","no errors","2026-04-22 11:48:01"
8,"vJKfv1eIHeO1","1: I confirm","1: I confirm","transp","1_1","strength",0,5,8,0.625,1,0,30,"1: male","None","2026-04-22 10:13:02"
7,"xzPuzvmkZkfB","1: I confirm","1: I confirm","opaque","1_1","strength",100,7,5,0.875,0.625,100,19,"2: female",NA,"2026-04-22 10:33:38"
4,"yqLjizZZHKIi","1: I confirm","1: I confirm","transp","05_05","strength",68,3,6,0.375,0.75,42,30,"2: female","None ","2026-04-22 10:03:10"
7,"YzOCIe51XH76","2: I do not confirm","2: I do not confirm","opaque","1_1","strength",50,8,8,1,1,91,39,"2: female","N/A","2026-04-22 11:40:59"
